lga_name,lga_code,mean,q50,q025,q975
Bakura,802,219398.2567,216395.5,160109.975,296286.425
Okpe,10013,106556.7025,106032,90627.15,125851.175
Chikun,19002,1007131.75,1001115,810212.4,1239302.175
Ibadan South West,31010,130396.2428,128970.5,97928.625,171840.75
Ogbadibo,7015,196701.2506,196397,162147.425,233389.375
Kaiama,24011,399205.7369,394793.5,304011.3,518193.25
Kusada,423,136305.3027,135608.5,113870.85,162581.775
Idemili South,4011,308534.6728,302189.5,252872.95,404121
Ede North,30007,256384.6546,254332,209173.525,314580.725
Yala,9018,181641.9731,180760.5,157851.375,210898.075
Dikwa,108,122026.3415,121842,99397.55,146411.2
Lamurde,2009,115309.1735,114922,97733.925,135549.05
Sule Tankarkar,18030,247167.6365,245532.5,204666.375,297803.075
Opobo/Nkoro,33020,18847.7207,18732,15515.875,22926.15
Enugu South,14005,240000.7189,235696.5,195722.025,311740.4
Asa,24001,234172.7813,233454,193680.775,278816.4
Ikenne,28012,145835.9577,144993.5,118843.275,178626.125
Mayo-Belwa,2012,297550.9415,293438,217913.9,398733.425
Eastern Obolo,3002,22686.498,22595,19157.925,26903
Ohafia,1010,187703.5801,184590,154024.975,241815.2
Esan South-East,12005,87123.2835,85802.5,64328.9,117434.15
Isuikwuato,1008,162279.7375,160317,133657.875,203393.55
Oye,13016,94005.4834,93493,78741.85,112850.8
Kachia,19008,390823.3026,387865,297489.3,502193.9
Bassa,23004,120074.9825,119801,99520.625,141503.6
Bassa,32002,322599.5999,317505.5,233947.175,438506.025
Gada,604,496786.8454,494639,423222,581226.85
Ona Ara,31026,308580.6602,304140,225581.5,418003.675
Mai'Adua,424,215562.9147,214302,176740.625,261633.1
Madagali,2010,161497.0202,159063,118537.95,218154.275
Odeda,28016,245815.2475,244961.5,208774.025,289021.6
Oruk Anam,3026,186599.6846,184204,131850.875,258434.575
Misau,5014,342789.3704,336388,247372.65,477216.525
Apa,7003,164328.2558,164212.5,134478.925,195883.175
Ezinihitte,17004,199088.0708,195950,162808.375,252275.4
Ukanafun,3028,87888.2966,86171.5,60746.95,125152.825
Jos North,32005,850290.6319,823420.5,536787.45,1300919.175
Owerri West,17026,364680.4708,357633,298632.175,476198.6
Efon,13002,43583.6193,43305,35593.925,53276.35
Batsari,403,282106.9755,280956.5,239408.75,331568.15
Oshimili South,10015,316111.5651,314482.5,262486.675,380253.3
Isoko North,10009,154535.1775,153691.5,129709,183987.85
Augie,504,141947.1189,139400,96805.6,200743.65
Yauri,520,175330.3546,174026.5,138793.8,218946.35
Ejigbo,30010,159243.5125,158336,132357.7,192208.3
Tsafe,813,360681.8339,354333.5,256355.875,502969.5
Isi-Uzo,14010,125504.7006,122911.5,105516.6,160631.875
Oru West,17023,235561.3579,231678,193263.725,299549.3
Ikono,3012,99441.2096,98091.5,69612.125,136179.25
Udung Uko,3027,13669.8631,13607,11493.95,16273
Bali,35002,616203.0871,615707,506580.675,726972.35
Karasuwa,710,163835.4927,160923.5,113801.875,232438.05
Ibadan South East,31009,179464.3917,176634.5,131648.55,245351.575
Sagbama,6006,72271.5843,71242,54621.625,95549.15
Okigwe,17019,182422.9861,179970.5,151818.45,227635.275
Gboko,7005,942743.7745,939803,758821.8,1144338.025
Giwa,19003,466525.2121,464417,390197.525,552754.1
Asari-Toru,33006,29797.8282,29656.5,24710.725,35819.05
Olorunda,30027,180725.7627,179492.5,147474.675,221945.075
Aguata,4001,492463.5391,483589,410424.85,627564.95
Aba South,1002,284401.4879,280163.5,235749.9,356644.9
Remo North,28019,61143.8147,60825.5,50223.45,74309.275
Gagarawa,18016,85518.293,85060,72444.525,100637.575
Hong,2007,289789.659,288903,247865.85,337274.325
Abi,9001,56135.102,55937.5,48210.75,65075.5
Shomgom,16010,139247.1996,139190,116140,162783.025
Ningi,5015,676336.4892,668408.5,498077.175,901215.05
Ohaozara,11011,150781.1705,149222,112814,196441.25
Orlu,17020,342217.1161,336203,285031.725,433860.6
Marte,121,92306.0263,92432,76619.9,107643.525
Ngor-Okpala,17012,249123.4264,245567,206965.175,312551.325
Aleiro,501,84391.9586,83940,68756.975,103203.05
Kaduna North,19009,454148.2082,449120.5,343060.95,589810.85
Kanke,32008,187427.2854,183749,123979.475,271906.225
Akko,16001,934751.1753,932999,783578.8,1097227.65
Gokana,33012,89296.8212,88905,75280.675,106028.225
Nnewi North,4014,357957.3348,349910.5,288139.55,479388.6
Aniocha South,10002,193913.2723,192924.5,162260.375,231135.225
Ikeja,25011,271902.9797,268237,196480.775,368849.3
Funakaye,16005,329826.5507,327625.5,263303.375,407264.275
Obi Nwga,1009,342724.9668,338072.5,284372.9,428633.4
Wasagu-Danko,519,511086.0747,506525.5,400745.175,640887.05
Mushin,25014,181779.4021,177868.5,120587.925,264439.55
Burutu,10004,53159.271,52898,44870.7,62668.15
Ukwuani,10021,110478.781,109830.5,92710.975,131912.1
Yola North,2020,235752.7378,234244,185565.975,294735.375
Kurmi,35009,170290.7938,170444,139752.025,201016.575
Ifedayo,30015,18077.2952,17986.5,14940.85,21727.25
Guzamala,110,102275.4098,101997,79317.325,127234.775
Ogbomosho North,31021,434122.693,428906.5,312412.725,586723.725
Yusufari,717,275949.0961,272846.5,200651.8,370842.9
Nsit Atai,3019,59838.4524,58108,39617.575,89769.15
Ringim,18020,310159.1587,308946,264799.5,361870.125
Nangere,712,198056.4698,193895.5,134395.475,283939.825
Obokun,30024,115197.9759,114537.5,96126.975,138135.05
Sokoto South,617,408707.2943,406511.5,328521.825,501786.7
Oyun,24015,121748.5501,121452,99976.225,145276.85
Bosso,27005,465467.3532,463237.5,390095.65,553759.825
Oji-River,14014,191457.7135,188782,158136.8,240015.025
Sakaba,516,169607.1668,165721.5,116223.25,245443.5
Eleme,33009,283036.0239,281774,238604.725,335758.5
Ushongo,7022,434974.5456,430027,322380.6,574583.375
Calabar South,9009,193548.0565,192508,155545.075,238692.875
Sumaila,20011,607179.0065,602428,493667.05,743074.05
Dawakin Tofa,20021,461797.8838,454952.5,337464.825,626086.75
Uvwie,10022,224907.0292,224143.5,190170.475,265322.075
Owan East,12016,100777.0007,99415,75252.15,134128.825
Nsit Ibom,3020,94143.4665,92405,66150.625,132772.525
Gwandu,510,246586.1358,245457,200787.15,300841.275
Katagum,5012,576189.6334,568284.5,432098.725,761692.675
Bonny,33007,93830.6334,93357.5,79164.825,111003.875
Matazu,428,167934.1825,167169,142165.2,197853.675
Tafa,27024,416500.0977,416257,334478,502960.25
Ekiti,24004,46489.8687,46362,37429.7,56262.075
Tai,33023,61586.373,61369.5,53612.95,70885.225
Ughelli North,10019,329919.8263,328464,279714.45,388520.75
Girei,2004,233165.7725,230383.5,180578.6,302210.725
Aninri,14001,161648.5814,159254,134210,202628.475
Atisbo,31004,102818.5392,100605.5,72826.725,145747.6
Ardo-Kola,35001,395482.8971,395501.5,331299.125,459051.525
Ikom,9011,166612.3327,166106.5,143006.775,193851.75
Suru,518,252223.4522,248310.5,181334.625,345930.225
Ofu,23014,257801.0374,257416,209489.65,308254.4
Warawa,20019,151588.1189,150520.5,123806.2,184667.1
Kanam,32007,308226.0362,296727,181804.625,496076.8
Guyuk,2006,152454.6391,150584.5,111664.8,204635.15
Obowo,17016,130314.973,128473.5,108049.65,164501.325
Potiskum,714,525024.4925,512806.5,349153.725,772113.6
Bichi,20031,523941.0144,519066.5,422884.325,649576.975
Idanre,29008,201927.5874,201206,172502.6,236207.275
Zuru,521,305912.2198,302107,226859.9,407282.275
Onitsha South,4018,84598.1087,83451.5,68709.9,106923.4
Nsit Ubium,3021,81056.9179,79517,52796.625,119148.375
Faskari,413,328460.0918,326767,275054.4,390710.15
Nganzai,126,105256.8426,105213,84313.975,127181.4
Warri North,10023,59168.4039,58963,51004.925,68350.025
Uyo,3031,343588.2921,341764,283002.8,412489.275
Toto,26012,199773.2735,199316,167176.4,235460.375
Jere,113,561142.2215,562559,460716,652354.95
Amuwo Odofin,25004,409457.4827,404756,310976.075,530584.875
Olorunsogo,31024,97568.3812,96233,72626.875,129835.075
Njaba,17013,130597.5913,128561,107264.9,165641.15
Ayamelum,4007,44193.6768,43367.5,36571.95,56930.7
Kebbe,610,131947.6102,131270.5,111660.75,155445.5
Kukawa,117,121530.7637,121643.5,97234.6,145467.325
Omala,23019,117209.871,117140,96372.625,138629.1
Kibiya,20033,262361.1283,260206.5,211842.775,324111.175
Yenegoa,6008,527419.2408,525557.5,449428.7,616197.875
Ayedade,30001,179758.9641,178889.5,148796.325,216130.65
Abak,3001,161320.9572,158669,117265.125,221524.275
Damaturu,703,373837.1162,367849.5,274706.4,507033.975
Birnin Kudu,18022,610434.632,607631.5,520362.825,713388.55
Charanchi,406,229758.4726,228819,195342.225,269205.1
Ibaji,23006,82278.7463,81934.5,69224.5,96932.45
Odigbo,29013,287347.8277,285903,240797.35,341038.775
Ingawa,415,229353.266,228162.5,191959.45,272102.5
Biase,9006,68553.3248,68389.5,58460.65,80184.3
Kware,611,390912.2179,389745,336705.8,451069.2
Ika South,10008,216377.7033,215172,181444.7,257485.5
Uhunmwonde,12018,391780.147,385114.5,281849.925,536833.125
Maiyama,514,212581.2926,209137.5,138955.9,307699.825
Ifo,28007,1321923.264,1312764,1086608.075,1605626.1
Magumeri,120,217612.1018,217097,172850.7,265576.725
Tarmuwa,715,217800.1801,216534,176314.875,267512.525
Onna,3024,65237.3878,64091.5,46313.425,91169.65
Kwande,7011,813873.1268,803785.5,610797.225,1069280.025
Aniocha North,10001,91927.4488,91495.5,77438.35,109182.025
Jos South,32006,816160.4568,794208,541620.8,1205168.1
Ogbaru,4016,189038.7007,186690.5,159787.775,231316.325
Kabo,20026,241586.4262,240392.5,199884.3,288459.15
Eket,3003,193045.7094,191645.5,156436.55,238052.975
Mubi North,2014,232123.7103,230132.5,182583.6,292542.975
Shagari,614,270315.762,269168,229678.8,317059.825
Tudun Wada,20029,525175.1699,522645.5,440483.3,623095.525
Yewa South,28005,247812.1969,246348,207422.425,297667.475
Ngaski,515,262505.6409,260660,209635.3,324302.6
Wushishi,27025,256122.3914,254583.5,207963.175,314065.8
Obubra,9013,66686.3158,66345,57989.925,77190.175
Uzo-Uwani,14017,130644.9756,129112,111074.95,159768.225
Magama,27014,508963.0586,505277,403235.725,637991.725
Enugu North,14004,285116.8061,281112,234395,360925.6
Takai,20002,491379.6954,487195.5,396508.15,606711.4
Mangu,32011,625803.5978,617406,458346.95,841996.625
Ekiti West,13005,80854.0386,80445,66999,97540.1
Irepodun,30020,94017.1466,93259.5,75405.325,116693.475
Irepodun,24009,188531.6762,188141.5,154044,225444.2
Nwangele,17015,132030.8665,130172,107263.925,167748.025
Adavi,23001,206477.0215,206354.5,162875.75,250656.075
Yorro,35015,181861.1681,181920.5,146338,218518.1
Ondo East,29015,39632.6574,39424,33590.85,46820.1
Nembe,6004,41422.2799,40705,30437,55945.7
Ezeagu,14006,263829.5965,260208,216347.95,332899.2
Izzi,11010,515964.076,509474,371780.6,696353.625
Kwali,15005,259087.7541,256199,198964.3,336133.425
Okrika,33018,141637.0542,141180.5,121823.85,165300.65
Wase,32017,466570.2341,452356,283539.15,737348.375
Ife Central,30011,226460.5273,224891,179746.675,281492.775
Dutsin Ma,412,279583.1134,278618.5,240038.675,323716.125
Umu-Nneochi,1015,167778.7,165402.5,138534.9,211151.425
Ogbomosho South,31022,149133.2933,147859,121103.2,184030.1
Ondo West,29016,276739.4168,275144,229393.075,333120.5
Ido-Osi,13008,109470.3275,108815.5,90610.85,132692.1
Shira,5016,391242.408,382365,273989.95,559447.525
Damboa,107,231369.2727,231637,193427.775,269319.025
Shani,127,238940.9557,238806.5,196844.55,281477.25
Akoko North East,29001,123831.7236,122956.5,102042.875,149963.225
Giade,5009,242707.5645,237655.5,164611.8,351057.775
Idah,23007,103464.2291,103431.5,80186.25,127335.625
Irepodun/Ifelodun,13013,124132.115,123399.5,104141.9,147839.325
Khana,33014,237741.7327,237139,206338.9,272592.325
Gezawa,20010,417867.674,413515.5,310387.6,545493.9
Obudu,9014,117132.0732,116328.5,99691.8,139093.725
Sabon Gari,19019,475666.8109,470230.5,360364.95,622987.525
Kano Municipal,20043,376983.2897,372608.5,277297.65,503741.575
Okene,23017,136745.15,136647,107230.475,167136.625
Madobi,20036,259152.6724,254890,184140.7,357190.175
Pankshin,32013,309650.2545,303721,219436.625,436223.85
Kaugama,18001,167332.8353,166585,143049.225,195703.825
Ipokia,28014,283646.2315,282023,238897.85,337522.65
Mariga,27015,782138.5428,774583,606541.925,1002910.775
Kolokuma/Opokuma,6003,39144.8231,38762,29089.875,51846
Numan,2016,95077.0084,93774.5,71899.85,125783.375
Fika,704,326402.9729,322078.5,233877.525,443748.875
Shagamu,28020,727857.701,723419.5,607770.475,872897.05
Song,2018,344044.9533,339248,255703.8,459463.475
Ikpoba-Okha,12011,690507.5775,684504,544698.025,870240.9
Ideato North,17005,290527.402,286361.5,238803.525,365921.825
Ideato South,17006,88913.2287,87627,72092.9,113196.85
Ini,3015,118504.7539,117223.5,89538.3,153341.75
Buji,18018,209868.8193,208843,175810.5,249262.575
Yakurr,9017,115532.7422,115200,99117.35,134227.175
Yagba East,23020,99204.7806,99101,81187.825,117568.425
Kaita,418,259848.7885,258456.5,217711.725,309061.5
Keana,26005,112196.9032,111384.5,88819.925,139348.85
Ilorin East,24006,319435.261,319177.5,250664.925,391564.35
Ekiti East,13003,82023.6973,81560.5,67620.975,99017.05
Gamawa,5007,376807.3094,369462.5,262483.775,531507.525
Konduga,116,207367.457,207450.5,175340.825,238704.55
Kogi,23011,124893.4476,124657,106079.775,145316.875
Gwiwa,18009,114491.6585,113753.5,93647.375,139333.225
Ilaje,29010,175722.3373,174948,149258.05,206247.85
Bodinga,602,354758.0908,353485,303106.875,414121.5
Ughelli South,10020,113778.0186,113355,96944.575,133930.25
Makarfi,19018,281645.4344,280353,237508.35,332385.825
Saki East,31031,82412.081,80434,57979.275,118193.325
Mobbar,122,218696.4278,218684.5,174475.6,264746.175
Bunza,507,186217.7113,185474,153605.9,223740.8
Ganye,2003,277571.2641,274825.5,203543.75,369297.075
Ilesha East,30018,116265.8096,115447,96260.475,140666.45
Ussa,35013,152395.3245,152774,125372.95,178361.025
Gummi,806,347228.8405,343459,251687.225,466517.625
Obanliku,9012,94054.0923,93347,79451.275,112983.175
Paikoro,27019,422617.6701,421832.5,350987.925,502104.375
Arewa Dandi,502,268338.9225,266942.5,216796.95,327817.725
Oriade,30028,149326.4454,148387,124876.375,179283
Gwadabawa,607,423354.1,421970,359772.175,495263.175
Ika North East,10007,214370.4052,213158,178009.8,257588.275
Qua'An Pan,32014,567934.2631,550955.5,349039.575,892949.35
Koko-Besse,513,254121.3894,251335.5,188955.65,336325
Ogbia,6005,104096.2071,103054,80947.55,131990.35
Kankara,419,378098.1806,376201,314112.55,452694.55
Obot Akara,3022,122313.1471,120031.5,85487.275,172038.125
Zurmi,814,357169.6371,352232,257603.4,484829.225
Zango,434,138426.5474,137691.5,116577.525,163899.05
Ado-Ekiti,13001,525374.6451,522022,427778.5,641991.45
Abeokuta South,28002,376260.9181,373561,300930.275,466478.325
Shelleng,2017,129451.1761,127456.5,92679.85,176434.675
Bebeji,20025,360339.0854,357420,263154.775,476950.05
Ikere,13010,119779.8087,118889,96591.55,147882.875
Bagudu,505,451424.837,447006,331785.7,595537.675
Rimin Gado,20005,185071.1529,183905.5,151623.9,224732.125
Igbo-Eze-South,14009,254006.7303,251256.5,215291.575,309218.875
Sabuwa,431,171676.7725,171000,144220.6,203740.325
Sapele,10017,175536.9511,174749.5,148182.5,207862.725
Auyo,18013,126958.5141,126316,106814.95,150683.025
Ajaokuta,23002,169111.9015,168714.5,139733.275,200276.75
Ekwusigo,4009,184745.4974,181537.5,153187.55,235293.55
Etung,9010,44584.9293,44347.5,37433.7,53039.05
Obi,7014,131374.4069,131054,106143.175,158763.1
Obi,26011,214639.1217,214280,181723.325,250385.95
Okehi,23016,120000.6798,119777,96576.4,144529.45
Agwara,27002,154471.7623,152469.5,117514.75,203037.25
Bama,103,257871.1789,258210,216773.75,298141.1
Bungudu,805,496532.9443,488887.5,362330,677965.075
Anambra East,4002,76788.7698,75564,64403.825,96086.825
Chibok,106,127462.8304,127532.5,106446.875,148623.375
Ibarapa North,31013,84733.0814,83349,62998.95,114967.375
Ifako/Ijaye,25010,404026.5942,400680.5,328079.9,500624.775
Urue Offong/Oruko,3030,29593.4307,29404,24264.975,35783.275
Zing,35016,234001.5507,234265,189473,277857.475
Oyo East,31029,127396.0686,125965,102613.9,159351.875
Ikara,19005,404263.6972,399395,303230.575,533448.525
Talata Mafara,812,326382.092,323548.5,232492.575,441510.375
Baure,404,268773.2672,267211.5,222501.275,321611.525
Zaki,5020,264477.0447,260377,186828.875,363040.075
Wukari,35014,733748.7086,735575.5,606502.325,853596.325
Yewa North,28004,296011.9441,294997.5,255444.7,342966.825
Safana,432,251900.0684,250871,214321.6,295176.775
Rafi,27020,585895.442,581990,464152.3,732549.25
Itu,3016,113283.807,111681.5,88992.8,147334.95
Dekina,23005,567117.9922,566572.5,463276,677241.3
Mubi South,2015,228555.3886,225404,175919.3,299111.45
Offa,24013,251481.4122,251248.5,198490.625,307580.375
Ilejemeje,13012,18542.1611,18402,15276.975,22525.1
Obafemi Owode,28015,912361.4486,907194.5,767067,1088009.6
Bagwai,20038,359349.0417,351005.5,234176.725,537585.575
Minjibir,20040,380687.9762,374201,260354.225,537772.525
Logo,7012,435571.7483,431582.5,326284.75,565567.725
Dan Musa,409,200305.6004,199507.5,169529.65,235494.7
Oshodi/Isolo,25016,576388.6117,567444.5,430536.9,777605.3
Ibadan North East,31007,232066.8778,227947,169556.825,317003.875
Oshimili North,10014,311137.1567,309454.5,261401.525,372068.1
Bokkos,32003,400534.0116,394008,290302.35,543504.95
Baruten,24002,584009.3442,579023,460255.8,732403.4
Nasarawa Egon,26010,145602.644,145115,124316.75,168950.625
Ifelodun,24005,296463.6706,295745,244245.925,352227.125
Ifelodun,30016,164049.448,163006,130972.175,204035.175
Binji,601,122234.1785,121802.5,104252.975,142702.175
Osisioma Ngwa,1011,444029.1424,436484.5,372022.95,560147.275
Port-Harcourt,33022,528170.5687,526548.5,439201.8,627453.725
Sanga,19020,273098.7402,268259,193468.775,379515.3
Emuoha,33010,192810.0237,191945.5,162810.975,227874.525
Kabba/Bunu,23010,154026.1411,153797,125598.55,183978.125
Akoko South East,29003,45223.8261,44927.5,38236.975,53745.175
Bekwarra,9005,106200.3293,105667,91329.95,124203.65
Shanono,20013,284920.9065,279025,195127.725,410129.4
Ikwuano,1005,90022.8468,88897.5,73707.5,113020.65
Oguta,17017,209914.1806,206091,174402.9,267712.075
Abeokuta North,28001,344523.1082,342467.5,284185.15,416901.075
Jama'Are,5011,130072.4522,129233,105131.75,159451.5
Musawa,429,240145.1741,239254,202427.7,282810.225
Ohaukwu,11012,401903.1673,399701,322274.55,494895.8
Wamakko,621,583861.5693,582344.5,511019.975,664845.125
Agege,25001,186903.6288,184891.5,147127.075,238239.075
Iwajowa,31018,111181.6636,109810.5,83369.275,148738.875
Ido,31014,528309.0639,523586,393005.5,689713.475
Okitipupa,29014,182483.3102,181302.5,152572.225,219115.975
Kankia,420,243039.08,241986,205992.775,285767.025
Onitsha North,4017,264535.3122,259293.5,213443.525,349018.075
Gwaram,18008,586674.0992,584610,499157.725,684873.3
Zangon Kataf,19022,398222.6804,391579,295587.6,535031.5
Patani,10016,23449.0502,23335,19685.975,27931.05
Itas/Gadau,5010,302269.5946,296742.5,205566.475,433951.175
Riyom,32015,174075.9314,170742.5,114340.175,252846.5
Emure,13006,24897.5481,24777,21153.975,29301.225
Gwarzo,20017,424081.5392,417526,305155.975,578754.025
Brass,6001,61403.9259,61071,51467.95,73272
Fagge,20030,360368.2853,356929.5,272941.325,470744.825
Ikot Ekpene,3014,229778.2435,228526,184153.425,284773.225
Lafia,26008,926217.5644,923568,779800.2,1089838.8
Ayedire,30002,72066.0353,71606,59960.925,86676.875
Orsu,17021,150982.0688,148514.5,124741.425,192352.275
Shinkafi,811,216830.6002,213332.5,156714.3,295717.575
Gombi,2005,287712.9046,284507.5,213174.8,383576.925
Ovia North-East,12014,290028.9061,287635,217261.9,378606.075
Ifedore,29009,323069.1624,320961.5,266035.6,393076.525
Owerri North,17025,383059.7143,374810.5,310152.65,507819.6
Kumbotso,20044,1154392.367,1144502,860570.65,1502178.2
Isiala-Ngwa South,1007,210286.7294,206739.5,165201.2,275973.25
Takum,35012,412610.3839,413644,337710.725,482097.95
Barkin Ladi,32001,308113.6703,303646,223426.625,418208.325
Enugu East,14003,409888.3777,401824.5,338972.6,529848.45
Isin,24010,49920.6624,49757,40716.65,59990.15
Gaya,20007,371564.2287,364925.5,253915,523079.775
Katsina,421,733560.4765,729591.5,595463.525,895572.45
Akure North,29005,236766.8582,235346.5,198144.85,283183.125
Degema,33008,24103.6463,23956,20153.925,28753.125
Ukwa West,1014,97471.7002,96104.5,79995.7,122721.275
Miga,18014,154054.0372,153375,129509.675,182217.025
Oluyole,31025,510864.8727,503696,380951.85,680417
Karu,26004,1259007.319,1258886,1021558.825,1497880.625
Wurno,622,298237.073,297296,250084.825,352683.25
Ori Ire,31028,174603.8526,172115.5,132791.2,230009.075
Jalingo,35007,570228.8503,568409.5,465622.475,679035.575
Kaga,114,127349.5138,127386,106110,148761.6
Dunukofia,4008,168398.8752,164988,137393.975,221730.35
Buruku,7004,467724.4398,461797.5,342389.4,625239.275
Kajola,31019,121866.7819,120431,92435.575,159226
Oyi,4021,275588.9373,270187,227206.9,358157.625
Esan North-East,12003,163316.4248,161533,122673.875,213113.25
Tarka,7020,246548.3523,244279,186059.4,318969.375
Zaria,19023,772390.1543,765253.5,602307.5,983129.425
Kaltungo,16007,200028.4929,200177,167786.525,232354.075
Ezza South,11006,223305.547,221386.5,177849.125,281515.2
Agatu,7002,124820.9721,124842.5,105086.625,144760.1
Idemili North,4010,449101.5437,439909,369216.775,586053.175
Andoni,33005,55664.0539,55451,47647.95,65019.175
Biriniwa,18021,194579.1487,193662.5,163441.975,231134.325
Moba,13015,75389.161,74921,62025.65,91627.65
Karim Lamido,35008,432026.8363,431772,354479.9,511866.25
Ilorin West,24008,782965.3219,782146.5,607776.35,971815.5
Essien Udim,3005,201275.168,198248.5,140359.8,285900
Ife South,30014,153875.9119,153334,126609.325,184229.15
Oron,3025,75061.9551,74626.5,62681.975,89881.625
Tarauni,20001,338955.432,334909,249142.925,453003.45
Esan Central,12004,81883.0516,80575,58881.875,110246.1
Borgu,27004,638741.562,631545.5,491174.5,827300.375
Iguegben,12010,44578.1665,44272,36166.725,54925.275
Dutse,18012,455703.5522,453770.5,381176.1,540581.775
Ohaji/Egbema,17018,232585.4852,227955.5,192903.5,298139.45
Bakori,401,352979.7491,351432,292956.975,421631.4
Etim Ekpo,3006,103617.2608,101924.5,72723.775,144201
Rano,20014,283340.6725,281898.5,238984.725,334568.5
Bakassi,9004,19049.4666,18957.5,15901.925,22661.175
Orumba South,4020,177124.5337,173830.5,146324.675,227611.225
Danja,408,277988.6887,277028.5,237684.725,323641.825
Gabasawa,20016,354134.7536,349174,237786,502950.175
Gwale,20012,717709.2079,708014,528199.475,953132.375
Jega,511,294483.5387,288455.5,204896.15,417559.875
Bogoro,5003,141951.5639,139818.5,104408.375,191593.7
Ethiope East,10005,153016.5149,152455.5,130269.6,180092.075
Ife East,30012,333493.4029,331334.5,265674.6,415483.75
Ijebu North,28009,180508.5243,179454.5,146723.925,220538.875
Katsina-Ala,7009,852163.8188,842405.5,628205.7,1126059.275
Ede South,30008,85435.2743,84928,70827.825,103308.025
Uruan,3029,100248.4639,98291,74966.925,135596
Geidam,706,321994.3435,321123,263198.425,388724.5
Dambam,5004,207919.0839,206552.5,166322.925,256969.925
Apapa,25005,130246.6746,128365,94009.475,178108.425
Ado Odo/Ota,28003,1815525.57,1804006,1514281.625,2183996.775
Ose,29017,119904.4691,119581,103467.325,138570
Edati,27007,107336.7868,106954,89131.225,127433.025
Isiala Mbano,17009,223926.2398,220823,181339.4,283431.725
Ikwerre,33013,356490.8056,355053.5,304343.1,416962.475
Kalgo,512,125684.3763,125292.5,103438.95,151277.65
Ogori/Magongo,23015,13419.8805,13373,10604,16561.175
Ibi,35006,203818.4733,204037,169196.975,237220
Iwo,30023,251398.178,249657,211839.45,301184.525
Kala Balge,115,74205.2875,74179,61168.9,87850.15
Igabi,19004,1225987.121,1218380.5,973195.825,1523301.35
Gwagwalada,15003,578613.9609,572428.5,456864.55,735850.4
Alimosho,25003,1999908.277,1966877.5,1474513.6,2720668.75
Esan West,12006,197133.8599,194637,143632.925,264790.525
Lagos Mainland,25019,245092.4286,239351.5,169000.25,352650.725
Udi,14016,429589.0444,424004,355704.7,536557
Ibadan North West,31008,140270.5998,139347,109582.65,177830.6
Monguno,123,206596.7483,206559.5,169173.7,244503.85
Jada,2008,373531.9107,368972,265222.425,509324.075
Konshisha,7010,683576.9803,675408,493810.45,917730.45
Mafa,119,107367.9938,107650.5,88275.25,124986.15
Orumba North,4019,208291.6375,204916,173166.35,264177.775
Kazaure,18010,153137.8065,152328.5,125715.925,184437.75
Irewole,30021,129419.3886,128438,105412.225,158091.075
Oju,7017,229921.6351,229019,194319.825,269120.025
Igbo-Etiti,14007,174415.7928,171963.5,148764.375,215214.35
Ngala,125,168130.47,168175,139010.95,197881.25
Shomolu,25017,169397.0516,167461.5,133906.15,215081
Etsako East,12008,141698.7296,139804.5,103284.575,192668.325
Kiyawa,18025,323016.6781,321314,270227.45,383616.175
Ishielu,11008,246883.2516,244908.5,190277.7,314352.525
Ajingi,20004,276932.5058,273848.5,217819.65,352419.775
Gurara,27009,153135.5798,152944,128605.65,179837.575
Birnin Kebbi,506,505030.5942,497949,365337.475,685277.875
Nafada,16009,150334.7618,149813,121970.375,181853.675
Warri South-West,10025,23686.9671,23593,20333.975,27642.025
Ijebu North East,28010,42029.6786,41727,33800.725,51895.125
Rabah,612,214849.5858,213981.5,182380.3,253185.075
Gwer East,7007,500866.4397,496551.5,373568.925,652633.825
Mbo,3017,55341.2715,54469.5,41560.55,74769.775
Bunkure,20028,318447.8395,312403.5,226895.375,444394.85
Kosofe,25013,513889.5074,506856,381123.7,686729.55
Orolu,30029,71515.2861,71042,57626.725,88464.85
Igalamela-Odolu,23008,178729.9811,178558.5,143499.325,215608
Roni,18015,116820.1475,116216.5,97446.975,138838.8
Etsako West,12009,256682.9918,254108,195868.075,331931.075
Akpabuyo,9003,71875.3809,71293,59380.825,87573.375
Biu,105,371172.5757,371037,312770.45,430851.625
Surulere,31033,135404.7561,133548,103386.825,177736.3
Surulere,25018,230961.8192,227666.5,172773.95,310788.275
Tsanyawa,20008,267923.7945,264395.5,204738.1,352921.975
Birnin Gwari,19001,474985.2103,468145,342011.525,653385.225
Calabar Municipal,9008,198474.8455,197519,163966.675,239005
Chanchaga,27006,525190.7913,523633.5,410095.425,652377.925
Ikwo,11007,223366.3224,220808.5,165569.775,296074.4
Gudu,606,122739.3604,122120,103218.775,145198.65
Ungogo,20018,1071442.39,1064023,826476.25,1362615.125
Abua/Odual,33001,48714.6137,48510,41360.525,57425.375
Imeko Afon,28013,137387.3895,136917.5,116003.9,162017.525
Etinan,3007,94992.0905,93148,69657.925,129885.125
Kiri Kasama,18007,159838.6974,158953.5,133214.875,190815.675
Babura,18004,292349.6481,290507,239389.625,354800.6
Ogba/Egbema/Ndoni,33016,270595.1998,268910.5,229517.475,320337.025
Osogbo,30030,419493.9236,416607.5,344288.225,512108.45
Kudan,19016,224391.2703,223391,186610.95,267552.775
Gujba,707,240204.7553,239168.5,197211.525,290396.875
Nasarawa,26009,488629.2241,487982,411466.125,570194.475
Kurfi,422,207501.6711,206565.5,174790.625,245785.6
Akinyele,31002,394020.7448,387026.5,284124.775,547876.025
Nkanu East,14011,216492.831,213310,175930.375,275362.9
Egbeda,31005,449823.9937,443747.5,339711.075,594168.025
Guri,18005,140950.1207,140323,119216.45,166097.35
Kaura Namoda,808,367752.118,363410.5,274639.4,486268.25
Isoko South,10010,135688.3826,135108,115066.725,160020.4
Akoko-Edo,12001,164218.9765,161529.5,124946.725,219692.225
Owerri Municipal,17024,332145.5406,326415,272889.45,424460.4
Oturkpo,7019,434469.4745,434521,363139.95,504934.075
Dandi,508,242279.5844,241328.5,199943.7,290792.425
Mbatoli,17011,349583.0037,344302.5,288907.8,441894.75
Moro,24012,264516.7381,262745.5,218706.45,320013.975
Warri South,10024,254664.5177,253923.5,216536.15,297900.475
Taura,18002,176577.3131,175753.5,146728.7,211627.825
Kuje,15004,343366.4385,340495.5,270794.575,430365.25
Pategi,24016,143499.275,143328,120639.875,167961.325
Shendam,32016,690134.551,671142,439971.075,1059761.975
Akamkpa,9002,78105.6763,77783.5,65660,92805.475
Argungu,503,283520.4231,280074,209522.625,381102.3
Bende,1004,187591.4995,184866,154197.375,237344.1
Ivo,11009,154494.1588,151756.5,111073.2,213002.475
Tafawa-Balewa,5017,377921.4019,371358,271917.325,524036.525
Gubio,109,175010.8689,174577.5,135589.925,217689.05
Dange Shuni,603,484033.5617,482540.5,417749.725,557655
Katcha,27010,317881.4341,316784.5,257957.425,385143.15
Machina,711,179579.3691,176098,125645.6,257092.375
Ibeno,3008,50626.2838,50462.5,43004.725,59440.1
Kagarko,19011,406114.1977,400230,302971.475,539910.95
Alkaleri,5001,531600.4287,525343.5,378909.45,723549.25
Yola South,2021,439222.5259,436554,356142.825,537860.75
Ewekoro,28006,212655.4044,211521,182380.95,248644.175
Ezza North,11005,172057.086,170267,124578.625,231197.05
Onicha,11013,243816.7445,241860.5,187593.775,310155.55
Langtang South,32010,264354.4566,257823.5,165700.325,405170.175
Boki,9007,134522.1785,133789,113689.225,159254.5
Onuimo,17027,56052.5618,55220,44092.95,73081.4
Nassarawa,20037,943501.7359,927539.5,675488.025,1301339.425
Awka North,4005,106660.5655,104962.5,88295.7,135305.525
Nguru,713,231803.2146,226979,169073.9,321515.925
Bauchi,5002,1305305.481,1287539.5,960593.125,1748045.575
Ado,7001,143453.5123,142441.5,114606.2,178582.7
Kwami,16008,390640.2256,389034,320092.025,470027.075
Edu,24003,274077.7265,273920,229076.45,320524.05
Isokan,30022,106664.4768,106003,87640.4,129386.2
Mikang,32012,178439.3895,172572.5,107485.45,285437.275
Mopa-Muro,23013,46406.5475,46321.5,37940.8,55391.05
Atakunmosa East,30003,55481.1429,55319,46674.825,65431.1
Dass,5006,106543.1476,106055,87389.875,128366.175
Esit Eket,3004,39377.4227,39151,32854.95,47018
Bwari,15002,988710.5052,979601,794754.825,1226942.725
Atakunmosa West,30004,82349.2555,81957.5,69199.975,98169.55
Mokwa,27017,359773.1611,358922,303475.725,421412.95
Bade,701,237341.4295,233869,172483.45,321922.15
Garko,20006,222852.5972,219581,156493.225,307126.35
Keffi,26006,297655.028,297566.5,240252.725,357964.65
Kauru,19014,416851.0703,411359.5,310282.075,556956.475
Tambuwal,618,405957.1378,404374,347475.725,473401.2
Irele,29012,100889.8358,100553.5,85558,118603.15
Gashaka,35004,184377.5904,184537.5,153261.85,215296.575
Oru East,17022,210280.7511,207161.5,172369.875,265774.75
Akwanga,26001,242562.0927,242498.5,203741.725,281501.1
Jos East,32004,88662.0745,86367,58176.975,132669.675
Ijebu Ode,28011,234049.9335,232524.5,189353.675,288347.55
Ilorin South,24007,665960.0743,665999.5,507724.95,828636.275
Maradun,809,262849.2665,261829,215889.075,317437.575
Dandume,407,261563.7162,260485.5,222644.125,306571.125
Mashi,427,323552.0104,321398,267827.625,389032.2
Udu,10018,238523.9388,237477.5,201069.925,283268.125
Ogo Oluwa,31023,80199.1312,78778.5,58824.775,109414.075
Gwoza,111,238403.4414,238661.5,199262.65,277133.075
Odukpani,9015,136255.5483,135692.5,115995.975,159986.75
Jakusko,709,268151.147,264493.5,191039.85,368993.325
Ajeromi/Ifelodun,25002,215737.8087,211656,158693.2,296174.35
Bindawa,405,237761.626,236605.5,201074.925,280236.325
Lagos Island,25020,73584.801,72747.5,56621.875,95494
Hawul,112,315942.3984,316603.5,261507.55,368354.15
Boripe,30006,180419.2421,179217,144864.925,223359.875
Wudil,20027,278914.1272,276474.5,206710.625,367704.05
Ise/Orun,13014,49308.3747,49039,41884.75,58195.225
Kura,20035,247845.6722,246513,205685.7,297552.425
Sabon Birni,613,426468.9007,424325,361225.6,501983.8
Hadejia,18011,124822.4995,123623.5,95106.35,161476.7
Ijero,13009,89141.0573,88602.5,73923.275,107223.35
Nnewi South,4015,359692.3014,354284.5,297055.9,454397.4
Ibarapa East,31012,103492.7623,102088.5,78958.625,134435.9
Afijio,31001,111023.4768,109681.5,85134.375,144005.95
Vandeikya,7023,401062.0478,396349,304405.225,526167.225
Lokoja,23012,335555.5574,335130,275022.8,397919.175
Bukkuyum,804,328301.6901,323655,231877.025,449399.4
Darazo,5005,437120.9849,435047,357010.875,529207.475
Ebonyi,11004,297176.7085,294344,234077.575,378102.1
Ogun Waterside,28018,61744.274,61519.5,52546.975,72497.625
Illela,608,420087.6949,419045.5,354794.125,495689.8
Odogbolu,28017,157496.9248,156547.5,128767.45,192208.675
Aboh-Mbaise,17001,298363.3245,293698,245108.925,377839.15
Toungo,2019,113523.7266,112741,93337.375,137393.7
Abadam,101,118504.4966,118460.5,96176.2,140768.925
Ilesha West,30019,289507.3709,287527,235182.875,355633.25
Bursari,702,223590.3466,221790.5,166657.3,290694.125
Balanga,16002,299104.6945,299114.5,250201.5,348050
Orhionmwon,12013,136356.2905,134657,99321.05,183147.25
Etche,33011,370392.2261,368768,317355.65,433027.65
Goronyo,605,287676.5195,286779,244890.55,336945.55
Kirfi,5013,256315.3759,252437,179460.9,351700.225
Oyigbo,33021,270628.9088,269475,224343.8,326150.2
Atiba,31003,118127.1323,115852,84426.55,165270.975
Maiduguri,124,846657.0591,849019,665996.975,1011211.7
Kajuru,19012,224064.4858,222721.5,182424.875,272825.6
Boluwaduro,30005,43101.1153,42867,35549.75,52262.425
Kontagora,27011,415094.8019,413653.5,346922.85,490441.675
Bayo,104,195581.6641,195300.5,161602.825,231089.275
Orelope,31027,81076.0827,80655,68326.825,96543.175
Malam Madori,18017,210472.7736,209688,182167.45,242843.25
Ijumu,23009,115078.7739,114856,94025.625,136766.65
Owo,29018,234766.5968,233368.5,200004.5,277537.675
Ahiazu-Mbaise,17002,201821.9097,198915.5,164997.35,255452.3
Awgu,14002,213398.9429,210726,177912.25,264340.5
Kunchi,20042,220283.8613,214947,143777.075,330239.675
Anaocha,4004,292234.3151,287584,242482.9,370782.675
Oke Ero,24014,47114.9262,47024,37509.95,57202.225
Kaduna South,19010,458017.3234,450780.5,332650.775,629154.75
Ihitte/Uboma,17007,87923.2659,86758.5,71220.95,111880.775
Makurdi,7013,909081.6996,909280,752487.425,1066501
Ethiope West,10006,148395.7473,147777.5,125285.625,175235.25
Doguwa,20020,333952.8999,332730,277547.125,397631.275
Akure South,29006,399355.2836,396482,329774.875,484392.025
Ila,30017,90394.8536,89892,75622.55,108139.35
Sandamu,433,113231.305,112644,94181.725,135251.125
Ganjuwa,5008,843196.467,826451,579270.025,1209270.4
Isu,17010,128875.1942,126914.5,106038.35,163303.525
Udenu,14015,340174.388,335754,286544.35,419473.975
Gusau,807,827941.5992,797674.5,541711.925,1276679.8
Kokona,26007,220053.2731,219318.5,185231.8,258776.525
Isiala-Ngwa North,1006,205394.0905,202305,164065.5,265278.05
Kwaya Kusar,118,160284.3654,160275,133536.9,187628.25
Yankwashi,18019,73797.083,73383.5,60704.875,89037.025
Garki,18024,242808.7425,241156.5,200470.925,291877.525
Kiru,20034,464792.7796,457650,344651.5,629459.25
Ndokwa East,10011,101838.7496,101286.5,87829.95,119034.975
Langtang North,32009,421185.8796,409687,264486.925,647347.1
Municipal Area Council,15006,2228336.295,2220325.5,1903808.775,2591509.9
Ibeju Lekki,25009,456509.1906,451844,361496.65,578762.3
Umuahia North,1016,276146.839,272058,231818.925,344131.45
Yabo,623,199744.4518,199072.5,170507.975,233104.3
Agaie,27001,230485.2877,229941,193096.9,271621.45
Yunusari,716,300865.197,295291,213914.225,419102
Daura,410,205863.8089,204610,166730.3,251922.725
Maru,810,565196.1876,562793,457378.6,689170.8
Bomadi,10003,32604.4158,32464,27605.925,38545.15
Ndokwa West,10012,196413.0493,195337.5,164445.35,234478.975
Gbako,27008,255127.2851,253345,202216.125,316181.775
Tangaza,619,254348.4964,253550,217474.7,296408.625
Rogo,20032,507938.4711,501094.5,359618.925,694419.825
Lavun,27013,356950.2204,355711,298353.8,422128.325
Ola Oluwa,30026,47252.8415,47039.5,40113.975,55728.1
Makoda,20039,188880.2074,185733.5,128156.225,266899.425
Wamba,26013,120354.5275,120029.5,100121.6,141764.5
Abakaliki,11001,272482.9081,271170,230960.525,319983.5
Maigatari,18023,169201.5617,168516.5,143499.35,199277.475
Njikoka,4013,131976.6442,129120,105666.9,176526.475
Soba,19021,564983.1022,559499,436823.575,723755.975
Gwer West,7008,184562.0476,183544.5,144572.8,230073.675
Demsa,2001,187880.1883,184768,135233.9,257828.75
Guma,7006,409362.7286,405844,308551.425,531547.425
Nkwerre,17014,88943.7391,87679,73209.55,112752.05
Askira Uba,102,316551.7962,316676,264417.75,369674.775
Aba North,1001,278613.53,274275,229830.775,352227.325
Dukku,16004,339014.3977,338390,279311.7,402614.025
Saki West,31032,339731.5487,336014,261784.125,437629.95
Tureta,620,127597.5001,126852,105290.725,153695.3
Afikpo South,11003,92131.0979,90821,68927.8,122960
Akoko South West,29004,147477.39,146656,122791.825,177349.05
Lere,19017,651109.1893,646130,515249.95,810161.65
Mashegu,27016,848348.8861,843883,679930.325,1042838.575
Nsukka,14013,481678.8117,475127.5,409051.3,593256.075
Kafin Hausa,18027,311498.0716,310131.5,263941.3,366673.4
Toro,5018,714890.3289,712325.5,593288.075,849075.325
Ukum,7021,919975.8273,912610,702474.45,1176793.5
Donga,35003,357250.6691,358130.5,293444.725,418347.25
Ibarapa Central,31011,81877.5806,80746.5,61184.675,109557.125
Lapai,27012,379888.6861,378460,319638.6,448789.825
Ijebu East,28008,196634.9447,195956,163441.775,234043.175
Awka South,4006,415812.0624,407234,334429.175,550791.65
Sardauna,35011,537514.582,536626,447431.775,632072.45
Itesiwaju,31017,129917.6439,128020,97261.625,173209.375
Ogoja,9016,167262.6014,166385.5,143889.75,195287.175
Isa,609,212833.6045,211791.5,180544.55,250817.275
Shiroro,27022,599713.7296,595993,478733.125,743650.025
Batagarawa,402,307413.279,306089.5,262237.6,358957.175
Okobo,3023,44200.8723,43213,29542.8,65293.225
Malumfashi,425,469105.7242,466926.5,389083.55,561054.5
Ika,3011,47322.8553,47090,38631,57463
Jibia,416,343486.0497,342215,293965.5,400070.725
Owan West,12017,77746.4464,76940.5,57733.175,103368.15
Ikorodu,25012,1248279.662,1239594.5,975433.525,1570774.65
Akuku Toru,33004,39597.9285,39391,33350.95,46955.7
Ohimini,7016,125259.0509,125208,98321.55,153534.275
Oredo,12012,371197.581,369133.5,303766.575,448266.525
Epe,25007,240110.2648,238461,195142.775,294842.85
Anka,801,188572.0974,186092,132234.275,258883.775
Dawakin Kudu,20022,482492.7256,480061,407305.575,568340.025
Ogu Bolo,33017,38138.6404,37966.5,31041.85,46240.3
Olamaboro,23018,323752.7085,323433.5,262905.8,386680.8
Ankpa,23003,448255.6525,448397,360095.175,539117.375
Umuahia South,1017,196713.3197,193006.5,163411.75,252098.625
Shanga,517,291719.6285,286609.5,206215.1,409763.3
Jaba,19006,116805.019,116082.5,94408.375,143833.775
Ikole,13011,92580.5971,92120,77651.5,110307.475
Eti Osa,25008,825091.6735,819991.5,626762.1,1053392.075
Ese Odo,29007,40656.9701,40432.5,34658.85,47933.05
Garun Malam,20003,179011.7635,178157,149595.35,212663.9
Doma,26003,226477.4365,225923.5,190176.275,265789.125
Albasu,20009,323025.1613,315851,214646.25,469850.375
Ibesikpo Asutan,3009,130627.5214,129037,100824.825,169923.575
Gassol,35005,672735.2655,672882.5,562250.95,785914.325
Ife North,30013,139967.5145,139325.5,115136.9,168812.275
Oyo West,31030,294420.4278,291212.5,227238.925,377121.95
Rijau,27021,453084.4853,447320.5,344443.425,594967.825
Irepo,31015,119336.2976,117401,88859.925,161234.35
Ojo,25015,729256.5545,714913.5,504462.35,1043173.875
Silame,615,144705.5886,144284.5,122625.625,169609.525
Fufore,2002,460863.9735,457141,343785.7,604427.85
Dutsi,411,134070.026,133173,110548.7,162238.75
Kaura,19013,180235.786,178049.5,135217.975,238833.45
Dambatta,20023,456214.9896,449367.5,309613,642296.975
Sokoto North,616,335431.1817,333988,274804.775,405449.975
Yagba West,23021,53538.0073,53506,43747.775,63792.25
Awe,26002,279130.6052,276643.5,217576.725,356669.85
Tofa,20015,195611.8188,193317.5,136711.75,268654.05
Yamaltu/Deba,16011,571264.4648,569453.5,471590.525,682629.025
Suleja,27023,272858.1885,272357.5,216532.225,333982.3
Kubau,19015,646887.8933,642096,495027.5,833204.35
Ahoada East,33002,163468.7546,162855.5,140843.725,189970.3
Badagry,25006,580558.3393,574867,455800.175,738584.125
Gombe,16006,473607.2928,470576,369783.1,594449.4
Obio/Akpor,33015,1679902.896,1672194,1394319.6,2018350.925
Jema'A,19007,332830.3676,330786,255071.075,424681.825
Maiha,2011,181605.6591,178251.5,126483.5,255440.075
Munya,27018,315488.5078,312900,247718.15,397756.975
Lau,35010,184118.38,184193,151979.95,215640.125
Ihiala,4012,465783.557,458577,385919.95,591026.85
Ukwa East,1013,57628.1556,56851.5,47288.85,72721.05
Mani,426,305630.4779,304337,258067.8,360086.25
Anambra West,4003,44910.437,43973,37606.85,57745.475
Iseyin,31016,292454.8123,289266,227546.9,374318.5
Nkanu West,14012,153689.3197,151775,123806.525,195161.9
Ahoada West,33003,49013.6772,48812.5,41951.875,57287.25
Gbonyin,13007,54654.0662,54397,46424.8,64463.675
Okpokwu,7018,208786.9623,208566.5,172604.55,246309.1
Odo Otin,30025,127823.9383,127010.5,106483.6,154384.85
Ovia South-West,12015,167529.7984,165043.5,125561.3,221542.925
Rimi,430,275675.1149,274337,231540.8,328863.175
Ikeduru,17008,233521.4033,230156,188739.85,297308.15
Etsako Central,12007,72602.7998,71231,51564.975,100903.225
Ugwunagbo,1012,79322.2187,78096,64716.575,100764.35
Kafur,417,412990.0259,410890,343727.55,495256.95
Omumma,33019,71602.0016,70946,59583,87358
Arochukwu,1003,131402.6729,129528,108076.575,166191.075
Akoko North West,29002,107045.9669,106396,89803.75,127847.15
Birnin Magaji-Kiyaw,803,211004.8468,207229.5,147765.675,293932.65
Ile Oluji/Okeigbo,29011,317883.2845,316273.5,267262.05,378043.4
Mkpat Enin,3018,118289.7311,116053,85112.975,164089.85
Bida,27003,396508.9337,395160,328090.95,472531.95
Funtua,414,426043.1777,423913,353512.575,512036.3
Karaye,20041,286990.8838,281694.5,201788.325,402269.325
Warji,5019,171938.5953,169164.5,119630.925,239306.15
Ibadan North,31006,226845.0788,225885.5,180194.55,279569.675
Ekeremor,6002,96107.9214,94872.5,73999.425,124624.375
Afikpo North,11002,176384.5055,174293,131904.8,231311.7
Abaji,15001,177069.2484,174337.5,131709.425,237255.075
Southern Ijaw,6007,133915.4566,132536.5,105662.3,170983.025
Fakai,509,203837.139,202572,161819,252982.65
Gumel,18006,112548.5858,112244,95984.5,131352.675
Jahun,18026,305288.5155,304134,258802.95,358538.375
Billiri,16003,214504.3966,214962.5,176806.675,250368.05
Ehime-Mbano,17003,216150.5239,213510.5,174270.8,274489.375
Lagelu,31020,503977.2489,498105,381050.9,661892.4
Egor,12002,454045.8184,444788.5,330166.85,625363.975
Dala,20024,458992.0208,452287.5,345478.75,608512.1
Michika,2013,221701.4392,220944,190144.5,257761.95
Egbedore,30009,281181.4302,279173.5,230515.55,343388.875
Ikot Abasi,3013,97201.1186,95993,70939.725,130508.6
Ekiti South-West,13004,78308.8491,77953.5,63958.825,95424.35
Igbo-Eze North,14008,336826.3514,332288,277541.5,422419.625
Gulani,708,293226.2689,288839.5,202608.8,414963.425
Fune,705,521909.854,514425,373438.825,711517.025
Ibiono Ibom,3010,116538.2432,114148.5,82537.525,164128.525
