state,local,mean,sd,q025,q05,q25,q50,q75,q95,q975
Abia,Aba North,235579.38,26022.48444,194143.325,200135.8,218890.25,231982,248100.75,283449.8,297716.325
Abia,Aba South,318624.073,33973.91909,264476.925,272159.45,296776.25,313979,335409.5,380879.8,400141.5
Abia,Arochukwu,127953.6635,14212.80338,105222.9,108591,118476.5,126127,135219.25,153619.4,161936.225
Abia,Bende,203629.7042,22650.57012,167519,172693.05,188854.75,200672.5,215285.25,244224.6,257753.55
Abia,Ikwuano,91150.9352,10007.71732,74589.975,76891.35,84244.25,90026.5,96746,109153.75,114467.675
Abia,Isiala-Ngwa North,182503.7699,22472.16649,146119.95,151108.35,166840,179719.5,195015.75,223627.3,235176.175
Abia,Isiala-Ngwa South,233177.05,31200.66595,183158.3,189636,211179.75,229332,250865.25,290089.25,305750.275
Abia,Isuikwuato,158332.6524,17075.34398,130085.9,134270.45,146863.75,156392.5,167609.5,188411.55,198913.55
Abia,Obi Nwga,342563.8912,36126.56101,284071.775,292474.8,317893,337829.5,362319,408040.4,428051.275
Abia,Ohafia,177213.7658,20835.96202,145118.6,149532.95,163477.25,174236.5,186723.75,215449.85,228318.9
Abia,Osisioma Ngwa,451797.4193,48029.59167,378099.575,389035.95,420198.75,444190.5,474804,540150.75,571226.425
Abia,Ugwunagbo,77250.1895,9054.964085,62797.9,64639.75,70922.5,76068,82352,93794,98391.35
Abia,Ukwa East,58156.3477,6522.828693,47742.875,49064,53663.75,57367.5,61789.25,70087.1,73396.025
Abia,Ukwa West,100646.6133,11288.97717,82510.8,84847.85,92824.75,99223,107031.25,121352.75,126803.325
Abia,Umuahia North,276146.839,28145.56646,231818.925,238595.9,257645.5,272058,289915.75,327252.5,344131.45
Abia,Umuahia South,196713.3197,22266.99739,163411.75,167793.95,181961.75,193006.5,207395.25,237507.2,252098.625
Abia,Umu-Nneochi,167778.7,18267.48484,138534.9,142727.95,155512.75,165402.5,177568.5,200375.3,211151.425
Adamawa,Demsa,189315.1597,31709.27019,136296.05,143555.95,167255.5,186211.5,207283.25,245558.9,259978.65
Adamawa,Fufore,460889.3557,65946.50936,343800.275,361118,414994.25,457159.5,501048.25,576878.9,604458.825
Adamawa,Ganye,277598.4612,42365.25543,203556.975,213540.55,248221.75,274845,303443,352381.15,369333.875
Adamawa,Girei,233069.815,31039.06985,180512.35,187187.2,211227.75,230308,252057,288045.25,302130.375
Adamawa,Gombi,287712.9046,43241.26827,213174.8,223434,257541.25,284507.5,313505.5,364628.5,383576.925
Adamawa,Guyuk,152454.6391,23499.04284,111664.8,117263.8,136119.75,150584.5,166644,194090.3,204635.15
Adamawa,Hong,276669.5205,21919.70056,236547.9,242497.6,261556,275970,290731,314246.85,322007.425
Adamawa,Jada,373531.9107,62393.53442,265222.425,279196.35,330476.75,368972,411533.5,484765.5,509324.075
Adamawa,Lamurde,115309.1735,9544.519085,97733.925,100302.7,108754.5,114922,121379.5,131487.15,135549.05
Adamawa,Madagali,162537.8134,25494.07591,119288.825,124961.6,144504.75,160085.5,177584.75,208717.35,219520.225
Adamawa,Maiha,183931.6563,32873.70838,128009.925,136636.55,161622.5,180469,202401,242774.6,258535.4
Adamawa,Mayo-Belwa,297550.9415,46318.701,217913.9,228781.25,265224.25,293438,325712.75,379165.4,398733.425
Adamawa,Michika,223979.3667,17563.46101,192010.95,196574.35,211941.25,223199,235151.75,253990,260534.125
Adamawa,Mubi North,246527.3264,29985.20931,193246.825,201487.6,225590.75,244371.5,264855.75,299000.15,310686
Adamawa,Mubi South,229213.3983,31293.63887,176467.875,183470.25,207162,226029,247974.25,284481.3,300021.7
Adamawa,Numan,93642.037,13721.92782,70416.85,73637.8,84202.75,92357,101654.75,118184.05,124195.175
Adamawa,Shelleng,129451.1761,21032.24287,92679.85,98278.2,114925.5,127456.5,141916,166180.4,176434.675
Adamawa,Song,344044.9533,51056.00803,255703.8,267905.4,308847.5,339248,374437,434227.45,459463.475
Adamawa,Toungo,114219.3361,11255.63186,93863.85,96869.2,106576.75,113438.5,121304.5,133951.1,138339.8
Adamawa,Yola North,235554.3233,27956.53234,185445.825,192898.55,215719.5,234069,253323.5,284646.05,294506.6
Adamawa,Yola South,439516.8979,46307.89514,356404.525,368912.45,407497.75,436870.5,469051.75,520264.85,538075.15
Akwa Ibom,Abak,186490.6109,31302.1944,133710.525,140655.6,164977.5,183282.5,204870.75,242531.75,258666.9
Akwa Ibom,Eastern Obolo,21178.573,1856.940653,17876.925,18318.75,19904,21080.5,22336.25,24416.3,25186.05
Akwa Ibom,Eket,181601.857,20512.19821,145522.875,150687.6,167238.5,180372,194541.75,217564.8,226120.7
Akwa Ibom,Esit Eket,42411.7982,3819.000968,35481.975,36579.95,39778,42163,44835.25,49025,50564.425
Akwa Ibom,Essien Udim,205144.9881,38829.48682,140539.025,147913.7,178060.25,202099.5,227837.75,274221.15,294003.75
Akwa Ibom,Etim Ekpo,105395.0649,19455.60711,72584.95,76762.55,92104.5,103425.5,116769,139862.55,148891.65
Akwa Ibom,Etinan,91372.4359,17096.43147,63248.2,67474.45,79250.75,89197,101332.25,122846.45,130528.275
Akwa Ibom,Ibeno,51580.0685,4264.049343,43789.625,44870.65,48643,51412,54288.5,58839.25,60553.025
Akwa Ibom,Ibesikpo Asutan,135270.8651,19996.29187,101557.4,105559.35,121203.5,133539.5,147144,170973.1,179914.425
Akwa Ibom,Ibiono Ibom,117978.3687,21915.1094,81921.5,86647.85,102753.75,115504,130471.5,157372.45,168064
Akwa Ibom,Ika,44712.1516,4595.672447,36349.925,37676.65,41486.75,44472,47524.25,52789.1,54430.175
Akwa Ibom,Ikono,138212.6787,26776.07477,92107.6,98668.85,119510.25,136009,154375.25,185008.6,196448.6
Akwa Ibom,Ikot Abasi,104150.1277,16471.88298,75628.45,79668.85,92828.5,102786,113833.5,133755.7,140341.1
Akwa Ibom,Ikot Ekpene,201892.9486,24743.14826,158246.825,164126.3,184572.25,200701,216900,244819.75,255186.425
Akwa Ibom,Ini,106447.048,16462.85374,77765.275,81561.65,95242,105014,116574.25,135095.15,141652.125
Akwa Ibom,Itu,95513.9729,14859.61141,71765.1,74540.65,84887.5,93696,104133.5,123100.55,129783.775
Akwa Ibom,Mbo,50716.0005,8391.932922,37153.825,39008.7,44849,49779.5,55539,65890.4,70070.45
Akwa Ibom,Mkpat Enin,117475.3454,21357.00395,82306.25,86971.75,102480,115119,129853.25,156273.25,166363.875
Akwa Ibom,Nsit Atai,60986.1379,13743.12033,39402.775,42101.55,51280.5,59099,68527.25,86760.95,93138.15
Akwa Ibom,Nsit Ibom,78538.3294,17267.55894,50497.975,54375.95,66653.75,76657.5,87948,109701.5,118282.75
Akwa Ibom,Nsit Ubium,89395.7675,19026.8935,57582.45,61586.95,76117.75,87665.5,100180.25,123013.35,132157.475
Akwa Ibom,Obot Akara,104290.7182,21684.51056,68241.85,72751.95,89461.5,102017.5,116952,142666.85,153394.175
Akwa Ibom,Okobo,47070.6851,10023.84572,30787.825,32998.5,40080.5,45918,52505,65040.8,70438.175
Akwa Ibom,Onna,67225.5952,12742.15709,46187.75,49134.25,58286.75,66049,74424,90031.9,96234
Akwa Ibom,Oron,73988.2173,6944.418107,61686.925,63196.1,69184,73561.5,78427.75,86171.3,88740
Akwa Ibom,Oruk Anam,175684.2698,33335.78541,118559.45,126146.3,152521.5,173070,195753,235235.1,250184.325
Akwa Ibom,Udung Uko,11642.748,1066.084782,9722,10018,10889.5,11585.5,12319.25,13482.05,13888
Akwa Ibom,Ukanafun,88107.277,18736.66824,57250.575,61205.3,75076,86018.5,98678,121227.4,131217.175
Akwa Ibom,Uruan,98003.7078,15887.06875,71947.775,75509.25,86702.5,96060,107490.75,127539.25,134419.15
Akwa Ibom,Urue Offong/Oruko,33090.3412,3227.208841,27209,28121.95,30855.75,32907.5,35118.25,38665.25,39886.025
Akwa Ibom,Uyo,369664.4308,37653.39191,300304.425,310909.7,343295.5,367792.5,394095.75,434633.35,447225.95
Anambra,Aguata,540001.8656,60299.55486,449911.675,461740,500293,530137,568237.75,650361.95,690256.5
Anambra,Anambra East,84250.2151,8881.104249,70649.675,72448.6,78342.5,82870,88664.25,100778.3,105936.1
Anambra,Anambra West,40555.8161,4806.847269,33793.95,34580.9,37267.75,39655,42785,49749.9,52849.3
Anambra,Anaocha,305766.0212,33481.03421,253721.875,260944.2,283578.75,300979,322756.5,366471.4,387597.7
Anambra,Awka North,102331.4301,11367.03936,84723.3,87047.95,94840.5,100731,107884.25,123057.45,129923.35
Anambra,Awka South,379788.6523,49299.3,304959.7,316153.9,348040.5,371830.5,401394,471021.05,504312.9
Anambra,Ayamelum,44769.7992,5141.590823,37078.7,38101,41349.75,43920,47219.25,54258.05,57643.175
Anambra,Dunukofia,83830.0298,9903.977056,69022.75,71019.8,77328.5,82259,88395,101984.55,108733.9
Anambra,Ekwusigo,281338.5956,31259.7651,233761.6,239767.9,260771.25,276277.5,296348.25,338344.45,358614.15
Anambra,Idemili North,517010.7222,61918.84317,425316.825,437896.1,477185,506734.5,543610.5,632055.7,673998.25
Anambra,Idemili South,325698.1301,39394.19346,267476.2,275110,300322.5,319037,343183.25,398782.75,425845.05
Anambra,Ihiala,472328.5728,51481.08914,391382.425,403160.75,437348.25,464990.5,499248.75,565057.6,599788.225
Anambra,Njikoka,210605.1662,27838.63216,169049.975,174875.35,192758.75,206123.5,222718.75,262066.9,281664.45
Anambra,Nnewi North,262071.4448,35012.67831,210251.625,217387.15,239643,256178.5,276782.25,327871.5,352270.75
Anambra,Nnewi South,352162.8492,38799.92214,290806.925,298946.2,325792.5,346848,373258.25,422263.75,444738.1
Anambra,Ogbaru,163689.3035,16177.79897,138183.975,141698.8,152785,161478.5,171982,193040.35,201626.325
Anambra,Onitsha North,199283.789,25411.79786,160353.275,165569.4,182900.75,195424,210531.25,246943.15,262425.175
Anambra,Onitsha South,85432.5193,9417.201126,69551.825,71995.5,79223.5,84434,90518.75,102210.75,107093.325
Anambra,Orumba North,161385.5808,17527.72446,134118.125,137757.1,149523,158872.5,170411,192889,204354.35
Anambra,Orumba South,182398.6376,20825.44879,150821.85,155269.95,168715.25,178978.5,192433,220454.9,233845.55
Anambra,Oyi,293028.6437,35215.6216,240809.6,248077.55,270334.5,287191.5,308246.25,357844.2,382598.275
Bauchi,Alkaleri,531600.4287,88103.04283,378909.45,398983.4,470571.75,525343.5,586983.5,685570.5,723549.25
Bauchi,Bauchi,1305305.481,198331.0876,960593.125,1008931.4,1168738.75,1287539.5,1427928,1658593.7,1748045.575
Bauchi,Bogoro,141951.5639,22131.93583,104408.375,109283.75,126276.5,139818.5,155308,181690.25,191593.7
Bauchi,Dambam,207919.0839,23227.7032,166322.925,172016.1,191761.75,206552.5,222619.5,248203.1,256969.925
Bauchi,Darazo,437164.6183,44338.61446,357047.45,368960.6,406246.75,435103,465274.75,513851.3,529283.025
Bauchi,Dass,106543.1476,10453.06919,87389.875,90082.55,99368.5,106055,113253,124450.85,128366.175
Bauchi,Gamawa,376807.3094,68366.03045,262483.775,278403.7,328787.5,369462.5,417231.75,501163.75,531507.525
Bauchi,Ganjuwa,843152.8336,160241.411,579246.475,613950.45,728967.25,826400.5,937835.25,1125724.65,1209140.175
Bauchi,Giade,242707.5645,47411.19271,164611.8,174073.3,210232,237655.5,268828.75,328484.25,351057.775
Bauchi,Itas/Gadau,302269.5946,57435.95492,205566.475,219093.75,262228.25,296742.5,335675,405820.6,433951.175
Bauchi,Jama'are,130072.4522,13914.38705,105131.75,108574.05,120374,129233,138906.25,154275.3,159451.5
Bauchi,Katagum,576189.6334,84884.75459,432098.725,450910.25,516055.5,568284.5,627813.25,727408.45,761692.675
Bauchi,Kirfi,256315.3759,44502.61758,179460.9,190543.9,225836.75,252437,282903,334005,351700.225
Bauchi,Misau,342789.3704,58875.30098,247372.65,259323.9,301009.75,336388,377153.5,449558.6,477216.525
Bauchi,Ningi,676336.4892,102961.8543,498077.175,521971.95,604646,668408.5,737645.25,856929.85,901215.05
Bauchi,Shira,391242.408,72633.19694,273989.95,288004.65,340611.25,382365,433274.75,523395.9,559447.525
Bauchi,Tafawa-Balewa,377921.4019,64803.4009,271917.325,286068.6,332106,371358,415261,492739.7,524036.525
Bauchi,Toro,714890.3289,65037.25296,593288.075,612384.55,670211,712325.5,756518.5,825228.4,849075.325
Bauchi,Warji,171938.5953,30632.20138,119630.925,127449.55,150577.75,169164.5,190210.5,226881.6,239306.15
Bauchi,Zaki,264477.0447,45260.78884,186828.875,197420.9,233130.75,260377,291778.5,345573.5,363040.075
Bayelsa,Brass,63554.9291,5767.536416,53291.85,54752.75,59541.75,63206.5,67211.25,73663.25,75737.15
Bayelsa,Ekeremor,96061.292,12847.7436,73940.2,77236.55,87134.5,94826,103714.25,119000.85,124617.725
Bayelsa,Kolokuma/Opokuma,39144.8231,5764.925121,29089.875,30487.85,35083.75,38762,42679.5,49338.1,51846
Bayelsa,Nembe,39434.9938,6404.882318,28617.8,30186.85,35013.75,38730,43189,51032.75,53740.075
Bayelsa,Ogbia,107566.4698,13542.47422,83591.55,86982.25,98085.5,106506.5,115998.5,131349.65,136684.925
Bayelsa,Sagbama,72238.4175,10385.21889,54594.975,57041.95,64889,71206,78430,91267.05,95462.975
Bayelsa,Southern Ijaw,134002.9678,16742.89548,105762.5,109313.1,122217.25,132621.5,144055.5,163676.05,171178.25
Bayelsa,Yenegoa,523948.9781,42226.87783,446130.925,457874.35,494595.75,521947,551355.25,596845.4,612540.725
Benue,Ado,162295.6244,18063.0126,129424.925,137081.25,151951.25,161192.5,171277.75,191616.5,201715.1
Benue,Agatu,124976.722,9873.366075,105266,108823.95,118740,124998,131196,141270.6,144989.175
Benue,Apa,214211.0313,18643.98237,177723.45,184280.95,202125,213949.5,225886.5,244830.05,253105.15
Benue,Buruku,406675.4713,61911.37333,295641.7,319757.15,372107.25,401405.5,435470.75,509239.15,545902.475
Benue,Gboko,957935.7078,99689.6729,769789.075,808395,898748.25,954747.5,1012063,1119738.2,1164404.025
Benue,Guma,410615.8001,55916.81325,309476.475,330107.55,379009.25,407097.5,437840.5,501524.15,532978.575
Benue,Gwer East,398242.9787,53934.30059,299142,321174.3,367526.75,395026.5,424712.5,485743.5,516375.65
Benue,Gwer West,221517.8019,25021.18903,175102.825,184481.6,207162.25,220485.5,234682,262004.5,273878.45
Benue,Katsina-Ala,817324.9081,116548.9878,606963,654445.95,751890.25,808267.5,871810,1007607.05,1074918.95
Benue,Konshisha,684324.8664,104819.8412,494493.825,536690.25,625907.25,676149.5,733062,855299.1,918872.075
Benue,Kwande,860870.7319,119352.2573,648413.25,696927.25,794061.25,850532.5,915255.5,1059063.3,1129237.15
Benue,Logo,521788.7464,72652.06443,388829.8,418840.8,480494.25,516841,557032.75,641163.05,681422
Benue,Makurdi,969774.317,82080.56667,805175.425,835807.7,917048,969881.5,1022200.25,1104319.55,1135228.2
Benue,Obi,130108.1737,12935.79646,105217.975,109535.75,121605.75,129776.5,137871.25,151511.25,157142.15
Benue,Ogbadibo,180146.1467,16277.86682,148762.825,154793.55,170087.75,179877.5,190140.5,207007.3,213359.15
Benue,Ohimini,148937.7062,16822.33791,116442.9,122135.7,137740.25,148865.5,159399.25,176559.65,183399.875
Benue,Oju,226939.8954,18284.77298,191916.25,198983.7,215951.75,226122,237122,256794.3,265043.3
Benue,Okpokwu,210234.9445,18287.52535,174230.725,181232.7,198867.25,210004,221436.25,240202.4,247376.5
Benue,Oturkpo,312697.4204,26232.26173,260214.45,269486.8,296624.25,312468.5,328946.25,355267.05,365967.375
Benue,Tarka,257852.8243,35322.03749,193953.5,207543.05,237564.5,255423,275291.25,315332.65,334557.775
Benue,Ukum,905263.964,116779.843,691827.375,739563.65,839983.75,897660.5,961758,1094028.35,1161201.7
Benue,Ushongo,437430.285,64010.44106,322150.525,348300.95,401797.75,432418.5,466852.25,541922.65,579858.9
Benue,Vandeikya,374219.0201,51871.0229,282779.975,304242.6,344979,369597.5,398303,461198.9,491449.25
Borno,Abadam,119241.4884,11263.83492,96782.575,100679,111759.5,119196.5,126761.75,137644.65,141694.9
Borno,Askira/Uba,316642.0416,26633.26913,264487.95,272154.65,299226.5,316755.5,333787.75,360702.95,369780.1
Borno,Bama,257883.768,20623.31776,216786.675,223585.85,244093.75,258223.5,271652.5,291288.75,298150.2
Borno,Bayo,195581.6641,17790.10882,161602.825,167167.65,183514.75,195300.5,207137,225347.25,231089.275
Borno,Biu,371172.5757,29728.5783,312770.45,322705.6,351252.5,371037,390634.25,419551.7,430851.625
Borno,Chibok,127462.8304,10702.31629,106446.875,109747.55,120445.75,127532.5,134534,144870.15,148623.375
Borno,Damboa,230907.2697,19234.05687,193077.55,199195.15,218107.75,231156.5,243384.75,262723.75,268806.1
Borno,Dikwa,121928.7014,11805.82723,99328.775,102818.75,114046.5,121749.5,129548,141717.05,146228.05
Borno,Gubio,174390.2731,20624.16781,135192.85,141269.85,160644.25,173959.5,187615.25,209200.05,216868.275
Borno,Guzamala,102447.991,12225.31547,79469.85,82771.45,94163,102160,110145,123173.55,127431.375
Borno,Gwoza,238804.6883,19790.3984,199584.95,205878.9,225918,239059.5,251600.5,271112.5,277584.225
Borno,Hawul,315942.3984,27105.02217,261507.55,270734.65,298078.5,316603.5,333532.75,360213.85,368354.15
Borno,Jere,561846.3379,48567.11955,461023.475,478355.45,531852.75,563352,594011.5,639307.4,653307.625
Borno,Kaga,127349.5138,10759.06961,106110,109821.95,120218.75,127386,134365,144981.75,148761.6
Borno,Kala/Balge,74057.7655,6724.830271,61041,63148.75,69575.5,74042.5,78409.25,85362.9,87668.95
Borno,Konduga,207236.3607,15955.98447,175142.025,180566.4,196896.5,207346,217827,233332.1,238506.65
Borno,Kukawa,116777.6932,11805.55877,93296.275,97148.5,108938.25,116889.5,124665.25,136206.55,140194.375
Borno,Kwaya Kusar,160284.3654,13587.60063,133536.9,137996.1,151265,160275,169186,182711.05,187628.25
Borno,Mafa,106513.8914,9109.198389,87600.95,91044.1,100654.75,106787,112527.25,121029.05,123903.575
Borno,Magumeri,218630.2924,23555.66008,173645.075,180897.9,202839.5,218123,233841.5,257769.7,266903.575
Borno,Maiduguri,846657.0591,86811.52318,665996.975,696328.2,792822,849019,903009.75,983944.95,1011211.7
Borno,Marte,92306.0263,7899.11417,76619.9,79145.55,87102,92432,97582.75,105177.2,107643.525
Borno,Mobbar,219048.2591,22762.76338,174881.7,182246.85,203680,219018,233729.25,257101.95,265154.05
Borno,Monguno,211211.4617,19342.84271,173095.175,179574.95,198465.25,211189.5,223835,243444.75,249404.375
Borno,Ngala,168280.6968,14699.73445,139151.525,144119.9,158618.75,168312.5,177598.75,192771,198040.575
Borno,Nganzai,105202.6958,10800.28174,84277.35,87602.6,97971.75,105169,112239,122862,127102.375
Borno,Shani,238940.9557,21595.18541,196844.55,203964.75,224622,238806.5,252827,274526.2,281477.25
Cross River,Abi,61182.2231,4652.60946,52595.625,53910.8,58014.5,60965.5,64083.25,69075.05,70918.025
Cross River,Akamkpa,78105.6763,6876.671497,65660,67492.4,73353.75,77783.5,82417.25,90030.8,92805.475
Cross River,Akpabuyo,88480.1161,8184.782507,73964.925,76041.35,82849.25,87918.5,93554,102844.4,106249.425
Cross River,Bakassi,20462.0566,1844.131806,17100.975,17617.95,19203,20357,21620.25,23620,24385.175
Cross River,Bekwarra,104815.0032,8227.658373,90180.025,92372.6,99297,104306.5,109802,119078.2,122537.375
Cross River,Biase,69570.2631,5572.800203,59328.85,60819.85,65771.75,69395.5,73028.5,79080.65,81297.775
Cross River,Boki,134522.1785,11647.88345,113689.225,116741.6,126424,133789,141689.5,154684,159254.5
Cross River,Calabar Municipal,91326.6578,8926.791065,75233.825,77493.9,85280.5,90795.5,96781.25,106426.8,110448.9
Cross River,Calabar South,287996.6627,29712.36807,234103.4,241735.4,267731.5,286509,306298.75,338686.1,351528.8
Cross River,Etung,44584.9293,3938.29536,37433.7,38534,41837,44347.5,47046.5,51418.1,53039.05
Cross River,Ikom,166243.8665,12743.39622,142668.4,146154.45,157669,165745.5,174226.75,187832.25,193441.525
Cross River,Obanliku,99824.8306,9244.84362,84306.775,86344.9,93294.25,99055,105393,116208.05,119808.1
Cross River,Obubra,61529.9275,4502.452638,53452.775,54555.9,58481.5,61232.5,64302.25,69302.2,71086.225
Cross River,Obudu,111375.4343,9595.454332,94844.875,96882.55,104740.25,110612.5,117194.5,127978.15,132228.525
Cross River,Odukpani,131314.2522,10666.26352,111729.575,114822.95,124027.75,130786.5,137867.25,149566.7,154072.95
Cross River,Ogoja,167654.5733,12931.97167,144096.7,148038.85,158802.25,166787,175579.25,190000.7,195721.1
Cross River,Yakurr,109461.0244,8372.639481,93920.875,96396.95,103851.75,109104,114687,123763.2,127341.525
Cross River,Yala,188167.8402,13866.2753,163406.875,167134.55,179005.5,187212,196275,211922.5,218755.425
Delta,Aniocha North,91927.4488,7974.816452,77438.35,79683,86597.75,91495.5,96720,105793.3,109182.025
Delta,Aniocha South,193913.2723,17352.7096,162260.375,167007.35,182338,192924.5,204474,223809.4,231135.225
Delta,Bomadi,26482.7502,2213.497077,22486.8,23062.85,24987.75,26362.5,27868,30233.25,31223.05
Delta,Burutu,56243.4179,4803.964684,47487.95,48831.75,52973.75,55945,59267.5,64467,66361.05
Delta,Ethiope East,147589.5623,12211.15073,125641.125,128610.85,139354.75,146977,154910.5,168726.3,173807.85
Delta,Ethiope West,139036.6201,11777.93384,117513.675,120773.75,131215.25,138466.5,146128.5,159283.45,164015.425
Delta,Ika North East,165112.723,15158.6402,137875.425,141616.8,154955.25,164287,174445.5,191345.55,197658.25
Delta,Ika South,265635.3855,24408.01353,221511.45,228068.95,249293.5,264083.5,280449.5,307874.8,317866.05
Delta,Isoko North,162829.427,14477.89318,136703.95,140474.65,153064.5,161943,171556.5,187780.75,193852.125
Delta,Isoko South,125841.3139,10498.49902,106681.625,109670.6,118745,125336.5,132218.75,143943.25,148337.475
Delta,Ndokwa East,105912.0427,8163.159021,91407.925,93429.95,100426,105294,110892.25,120140.3,123654.45
Delta,Ndokwa West,202955.8369,18238.94906,169892.75,175173.65,190577.75,201827.5,213817,234356.3,242379.075
Delta,Okpe,104939.6731,8722.230438,89280.65,91452.45,99035,104471,110153.25,119880.05,123996.925
Delta,Oshimili North,311140.192,27795.89585,261403.6,268395.75,292407.75,309457,327688.25,359203.55,372073.1
Delta,Oshimili South,316556.8653,29502.36681,262920.675,271173.3,296876,314938,334664,366932.6,380811.125
Delta,Patani,22326.3993,2015.879023,18683.975,19257.9,20955.75,22216.5,23551,25791.05,26631.15
Delta,Sapele,180736.8463,15762.78322,152232.15,156572.75,170170.5,179810,190297,207277.25,214518.625
Delta,Udu,204726.6953,17451.77399,172845,177933.45,193021.5,203903.5,215245,234612.05,242531.45
Delta,Ughelli North,335933.8685,27662.1497,284789.95,293250.7,317376.25,334460.5,352616.25,383136.15,395643.525
Delta,Ughelli South,113764.465,9332.420024,96765.875,99334.3,107404,113274,119417.25,129881.05,133935.325
Delta,Ukwuani,104115.3585,9267.260825,87544.25,89836.6,97962.5,103525.5,109789.25,120114.65,124221.45
Delta,Uvwie,259530.8138,22072.9233,219331.95,225249.55,244678,258604,273115.5,296483.05,306733.775
Delta,Warri North,64171.9983,4738.885806,55349.8,56758.95,60958.5,63983,67130,72153.1,74039.025
Delta,Warri South,257197.0463,20711.30044,219116.175,224803.65,243236,256419,270074.5,291927.05,300655.225
Delta,Warri South-West,24126.3871,1924.510988,20663.925,21170.85,22813,24032.5,25329.25,27428,28260.1
Ebonyi,Abakaliki,205428.8725,20343.877,168603.525,173917.1,191085.75,204431.5,218627,240249.5,247703.425
Ebonyi,Afikpo North,191497.9666,27099.10561,143956.425,150054.35,172783.5,189411,208388.25,238638.25,249748.275
Ebonyi,Afikpo South,93429.6892,14695.32396,68684.8,72094,83173.5,92019.5,101907.25,119457.25,126111.15
Ebonyi,Ebonyi,395524.3842,52741.52352,305137.75,318087.2,357743,391356.5,428331,488473,511828.625
Ebonyi,Ezza North,200105.721,31941.19735,143877.7,151467,177440.25,198038.5,220263,255656.95,269348.625
Ebonyi,Ezza South,166530.0039,27364.66018,118033.875,125113.5,147456.5,164805,183441.5,213725.2,227519.45
Ebonyi,Ikwo,321108.2744,48015.62298,236943,248497.9,287162.25,317841,350426.25,405592.95,425789.7
Ebonyi,Ishielu,228816.455,31814.31663,171097.6,179801.8,206561,226825.5,249232.5,284592.7,296428.975
Ebonyi,Ivo,156472.8914,25778.3726,112751.975,118693.8,138593.75,153692.5,171659.5,202727.55,215076.55
Ebonyi,Izzi,559084.104,89429.25544,403772.35,424553.85,495517.25,552063,613444.25,718011.5,753593.125
Ebonyi,Ohaozara,166197.2041,24408.53555,123233.275,129150.75,149310.5,164476.5,181388,208522.55,218466.325
Ebonyi,Ohaukwu,288412.4075,39465.19857,218268.775,228058.6,260604.5,285922,313489,355473.05,370869.325
Ebonyi,Onicha,200084.3148,30988.02591,145353.275,153311.3,178196,198055.5,219587.25,254138.95,265921.125
Edo,Akoko-Edo,165568.4123,24553.20186,125951.075,130311.15,148187.5,162836,179899.5,209947.15,221567.1
Edo,Egor,454385.0067,77248.53444,330419.675,343112,398853.75,445116.5,501281.25,593117.8,626184.125
Edo,Esan Central,81884.7404,13095.56159,58869.825,62378.35,72945,80566,89849.25,104530.45,110253.7
Edo,Esan North-East,162235.9456,22966.98551,121632.675,127291.95,146245.25,160427.5,176375.25,202022.6,212047.05
Edo,Esan South-East,88165.6559,13643.94344,65019.725,68288.95,78724.75,86840,96102.5,112543.65,118759.15
Edo,Esan West,197170.2779,30867.38308,143647.3,151170.4,175943,194657,215509.5,250922.4,264820.475
Edo,Etsako Central,72041.246,12323.2633,51051.7,54252.3,63644.75,70670,79015.25,94514.2,100321.05
Edo,Etsako East,140483.8447,22572.63311,102110.15,107734.55,124809.5,138594.5,153512,181023.4,191309.625
Edo,Etsako West,257244.5456,34711.81898,196462.375,204980.65,233027.75,254659.5,278582.5,317776.7,332564.275
Edo,Iguegben,44578.1665,4803.638009,36166.725,37230.95,41232,44272,47575.25,52820.45,54925.275
Edo,Ikpoba-Okha,690538.914,83151.17544,544767.525,565349.9,632506.75,684534.5,741397.25,835888.25,870274.375
Edo,Oredo,370414.6265,37309.98738,303104.575,312484.9,343878.25,368349,395219.25,434786.45,447524.725
Edo,Orhionmwon,136498.8279,21236.38103,99460.35,104980.6,121949.5,134812,149250.5,173630.65,183268.05
Edo,Ovia North-East,289946.1807,41177.81281,217031.6,226317.55,261705,287510,315483.75,361488,378684.675
Edo,Ovia South-West,168295.9598,25224.91227,125999.65,131590.85,150376,165742.5,183324,213353.05,222696.875
Edo,Owan East,100777.0007,14829.27549,75252.15,79020.3,90483.25,99415,109556.25,127487.95,134128.825
Edo,Owan West,77746.4464,11501.28962,57733.175,60396.95,69729.5,76940.5,84678,97894.7,103368.15
Edo,Uhunmwonde,391584.8087,64492.11435,281730.775,295863.7,347556,384917.5,428342,506634.5,536609.4
Ekiti,Ado-Ekiti,534292.4518,54582.49683,434964.925,450808.15,498108.25,530984.5,566689.5,628643.35,652692.3
Ekiti,Efon,43583.6193,4490.690245,35593.925,36739.8,40577.75,43305,46223.75,51268,53276.35
Ekiti,Ekiti East,82399.7447,7933.168725,68007.75,70326.95,76961,81940.5,87092.75,96287.35,99508.2
Ekiti,Ekiti South-West,78320.0569,7886.957808,63970.9,66238.35,73035,77964,83039,92085.35,95441
Ekiti,Ekiti West,80895.2667,7682.273479,67030.95,69262.85,75736.5,80485,85488.75,94177.6,97595.075
Ekiti,Emure,27437.3827,2303.38788,23272.975,23901.9,25864,27295,28852,31389.25,32314.05
Ekiti,Gbonyin,54204.877,4540.190632,46012.55,47272.95,51141,53960,56982,62035.05,63930.125
Ekiti,Ido-Osi,104046.4922,10080.33222,86071.075,88738.7,97319,103350.5,109964.5,121601.2,126136.275
Ekiti,Ijero,97372.6132,9086.190609,80867.575,83417.65,91242.5,96819.5,102842.5,113284,117061.325
Ekiti,Ikere,118796.6054,12902.20768,95702.675,99222.55,110048.5,117922,126515.5,141219.15,146924.5
Ekiti,Ikole,93072.6771,8343.078951,78028.75,80345.95,87273.5,92641,98103,107387.05,111029.15
Ekiti,Ilejemeje,18605.5802,1841.530167,15320.95,15837.75,17343.75,18469,19706.25,21815.05,22606
Ekiti,Irepodun/Ifelodun,114511.6766,10061.826,96371.2,99061.95,107778.5,113899.5,120484.5,132233.25,136246.375
Ekiti,Ise/Orun,47214.655,3906.212888,40154.825,41210.85,44574,46979,49596.25,53984.35,55648.15
Ekiti,Moba,74520.1225,7374.461496,61212.5,63196.75,69539.5,74053.5,78907,87473.5,90695.05
Ekiti,Oye,92771.7282,8461.064823,77696.425,79953,87022,92229,97788.25,107604.1,111470.75
Enugu,Aninri,161465.5956,17272.87212,134087.725,137690.35,149775.75,159089.5,170864.25,192948.65,202304.875
Enugu,Awgu,225571.229,23013.56415,188036.625,193303.5,210154,222851.5,238163.75,266356.95,279685.35
Enugu,Enugu East,361260.2275,42851.86993,297946.3,306295.15,333697,353978.5,379884.5,440932.2,469116.175
Enugu,Enugu North,339066.2077,37031.35002,280318.825,288614.7,314853,334108,357040.75,406860.45,427096.275
Enugu,Enugu South,239491.526,30041.67885,193818.775,200184.2,220040.25,234861,252772,294430.1,314735.875
Enugu,Ezeagu,261505.5528,29109.22843,214663.875,220773.9,241858.5,257757.5,277485,313888.1,330096.35
Enugu,Igbo-Etiti,175492.1919,17232.02512,149028.4,152322.35,163621.5,173163.5,184569,207180.2,216946.05
Enugu,Igbo-Eze-North,367031.8919,40995.93192,301766,310187.75,338445.25,361902.5,389900.5,441733.2,461788.15
Enugu,Igbo-Eze-South,207373.1824,19771.96414,175651.05,179843.35,193862,205196.5,218210.5,242456.95,252873.075
Enugu,Isi-Uzo,151625.3278,17792.81669,126891.675,129546.05,139498,148046,159865.25,186234.05,196911.8
Enugu,Nkanu East,190733.6255,23057.05017,154036.375,158912.75,174442.75,187787.5,203623.5,233178.05,244258.875
Enugu,Nkanu West,171620.8203,19679.78854,139118.9,143663.8,158037.25,169408,182872.25,206967.2,216773.25
Enugu,Nsukka,547165.716,51950.47012,464258.525,476865.05,511873.5,539931,573763.5,639584.4,672152.025
Enugu,Oji-River,184667.7685,19819.00744,152487.775,157153.3,171134,182041,195543.5,220530.35,231498.65
Enugu,Udenu,261044.9136,25922.71707,219712.325,225374.45,243358,257575,275016.5,308408.05,322793.5
Enugu,Udi,431950.8946,46234.24439,356529.625,367292.95,400393.25,426668.5,456886.75,514606.25,539292
Enugu,Uzo-Uwani,128110.7499,12298.01105,108749.95,111394.55,120017.75,126621.5,133992,149788.1,156768.6
"Fct, Abuja",Abaji,177069.2484,26947.68418,131709.425,138105,158051.75,174337.5,192499,225382.1,237255.075
"Fct, Abuja",Bwari,988710.5052,111652.0466,794754.825,821742.55,910515.75,979601,1058613.25,1183295.3,1226942.725
"Fct, Abuja",Gwagwalada,578613.9609,71321.59492,456864.55,472675.8,527834.75,572428.5,623010.75,704612.8,735850.4
"Fct, Abuja",Kuje,343366.4385,40562.97359,270794.575,281543.6,315360.75,340495.5,368588,414918.45,430365.25
"Fct, Abuja",Kwali,259087.7541,34918.63374,198964.3,207966.2,234667.5,256199,280643.5,320136.25,336133.425
"Fct, Abuja",Municipal Area Council,2228878.367,175478.906,1904237.25,1953308.1,2109070.75,2220862,2343259.75,2530369.55,2591987.575
Gombe,Akko,935913.7801,80036.3269,784400.075,807054.9,881407.75,934125,988032.75,1068938.6,1098357.375
Gombe,Balanga,299104.6945,24778.57557,250201.5,258629.85,282586.25,299114.5,315363,339798.05,348050
Gombe,Billiri,214504.3966,18368.37339,176806.675,183481.9,202501.5,214962.5,226463,244487.75,250368.05
Gombe,Dukku,339014.3977,31232.02696,279311.7,288981.75,317732.25,338390,359217.25,391667.8,402614.025
Gombe,Funakaye,329826.5507,36562.43235,263303.375,273453,304803,327625.5,352554.25,392590.8,407264.275
Gombe,Gombe,454268.3087,55666.74992,352878.1,367225.3,416234.25,451414.5,489187.25,550615.35,571482.775
Gombe,Kaltungo,200028.4929,16275.6678,167786.525,172812.65,189442.25,200177,210506.5,226643.25,232354.075
Gombe,Kwami,390772.3691,37929.1613,320259.775,331426.35,364488.25,389147,414882.75,455217.6,470179.6
Gombe,Nafada,150334.7618,15284.30835,121970.375,126117.65,139839.5,149813,160062.75,176223.7,181853.675
Gombe,Shomgom,139247.1996,11827.93735,116140,119878.65,131325.5,139190,146992.25,158578.75,162783.025
Gombe,Yamaltu/Deba,589308.7006,55344.24689,486690.35,502084.5,551660.25,587564.5,624669.75,683254.65,703278.825
Imo,Aboh-Mbaise,276110.5711,31023.8879,226679.6,233567.95,254860.5,271846.5,292999,333428.65,349853.9
Imo,Ahiazu-Mbaise,223924.7516,25583.20499,182483.75,188361.55,206457.75,220635.5,237995.75,270417.7,284227.6
Imo,Ehime -Mbano,173081.1768,20127.99727,139819.95,144499.5,159191.75,171028,184322.5,208944.75,219763.075
Imo,Ezinihitte,208995.381,23887.45317,170887.85,175908.85,192443.75,205777,221926,252510.9,265107.275
Imo,Ideato North,268335.3837,29431.81252,220863.2,227679.95,248378.5,264441.5,284448,321709.75,337814.975
Imo,Ideato South,84248.5746,9654.793906,68493.85,70749.9,77611,83092,89643.25,101907.3,106758
Imo,Ihitte/Uboma,90473.9294,10391.90724,73457.475,75817.55,83360,89250,96331.25,109290.3,114844.175
Imo,Ikeduru,238683.0087,28403.45245,192362.625,198899.9,218783.75,235228,254537.5,291002.85,304063
Imo,Isiala Mbano,273086.9648,31400.67573,221992.925,228799.8,251694.25,269427,290573,330146.4,345135.35
Imo,Isu,148790.5756,16524.67506,122695.7,126039.55,137371.5,146606,157741,178926.6,188268.675
Imo,Mbatoli,338146.7195,36819.44182,279942.725,287874.55,313095.25,333064,357590.5,405021.5,427729.35
Imo,Ngor-Okpala,284408.1235,30238.30902,236452.525,242886.2,263767.75,280229.5,300604.5,339382.8,357746.2
Imo,Njaba,186767.8616,20805.94964,153917.575,158630,172656.5,183873.5,197810.5,224702.4,237354.575
Imo,Nkwerre,74119.3522,8477.556357,60944.275,62801.95,68505.75,72938.5,78278.25,89401.05,94685.25
Imo,Nwangele,133619.7394,15705.95586,108110.65,111522.8,122779.5,131696.5,142311.25,162306.65,169886.55
Imo,Obowo,164224.8022,17695.41429,135735.65,139869.85,152214.75,162015.5,173728.5,196093.8,207245.05
Imo,Oguta,111097.1133,12389.24238,92494.9,94907,102861.25,109245,116910,133660.45,141707.525
Imo,Ohaji/Egbema,290097.572,33511.97139,240184.475,247115.85,268144.75,284355,305502.5,352542.35,372600.375
Imo,Okigwe,191762.7963,20061.83141,159438.525,163571.05,178083.25,189228.5,202743.25,228126.6,239565.825
Imo,Onuimo,85208.5919,11257.99003,67054.975,69421.5,77191,83829.5,91604.75,105695.55,111400.1
Imo,Orlu,282036.539,31108.10888,234780.15,241551.8,261638.5,277029.5,296432.5,339249.2,359758.275
Imo,Orsu,153574.4035,17196.20157,127108.6,130663.45,141956.25,150894,162122.5,185083.15,196034.425
Imo,Oru East,199710.6645,23013.24725,163107.675,167704.7,183766.5,196755,212468.5,241762.2,253048.175
Imo,Oru West,215039.0734,24750.29512,176434.45,181298.45,197966.25,211455.5,228360.25,260992.65,273866.575
Imo,Owerri Municipal,301253.1949,34659.26733,247188.125,254769.8,279014,296009,317133,365934.75,385055.75
Imo,Owerri North,382490.7792,49702.04125,308417.7,319409.15,350809.5,374324.5,403721,474780.5,509761.525
Imo,Owerri West,371227.4553,44874.22434,303985.725,313425.95,342437.25,363907,390525,454023,484182.35
Jigawa,Auyo,126972.7084,11249.55087,106828.725,109917.7,119205.75,126335,133951.75,146503.05,150697.775
Jigawa,Babura,292349.6481,29424.36712,239389.625,247436.45,272167.25,290507,310357.5,343166.85,354800.6
Jigawa,Biriniwa,194579.1487,17008.17088,163441.975,168330,183044.5,193662.5,205226.5,223677.55,231134.325
Jigawa,Birnin Kudu,610434.632,49339.66001,520362.825,533753.95,577147.25,607631.5,641262.25,693326.2,713388.55
Jigawa,Buji,209868.8193,18723.8566,175810.5,180894.1,197090.75,208843,221629,241611.5,249262.575
Jigawa,Dutse,455703.5522,40799.66667,381176.1,391678.55,427845,453770.5,481599,525043.3,540581.775
Jigawa,Gagarawa,85518.293,7262.912653,72444.525,74327.95,80540.5,85060,90078.5,97948.05,100637.575
Jigawa,Garki,242758.6711,23366.91311,200434.975,206979.35,226788.75,241111.5,257223.25,283106.65,291826.625
Jigawa,Gumel,112548.5858,9017.628733,95984.5,98472.9,106318,112244,118330.5,127931.1,131352.675
Jigawa,Guri,140950.1207,11902.22081,119216.45,122445.65,132871,140323,148295.25,161088.05,166097.35
Jigawa,Gwaram,586674.0992,47337.29879,499157.725,512468.9,554675.5,584610,616420,667296.1,684873.3
Jigawa,Gwiwa,114458.8604,11669.59733,93612.625,96596.55,106508.75,113724.5,121726,134585.2,139300.6
Jigawa,Hadejia,124707.4047,16809.02345,95052.275,99375.3,112760.5,123479,135171.25,154645,161233.05
Jigawa,Jahun,305288.5155,25311.72548,258802.95,266021,288179,304134,320991.75,348712.8,358538.375
Jigawa,Kafin Hausa,311498.0716,25777.41286,263941.3,271422.55,294081.5,310131.5,327573.25,355123.55,366673.4
Jigawa,Kaugama,167393.9304,13400.43378,143089.9,146832.95,158382.5,166652,175752,190343.3,195769.275
Jigawa,Kazaure,152487.6632,14925.27221,125099.9,129361.5,142233.5,151676,161977.25,178286.45,183708.6
Jigawa,Kiri Kasama,159586.6878,14790.70174,132987.65,136774.85,149531.5,158669.5,168721.25,185032,190588.775
Jigawa,Kiyawa,323016.6781,28886.28286,270227.45,278367.15,303368.25,321314,341317,373073.9,383616.175
Jigawa,Maigatari,170040.4579,14231.56678,144259.55,148143.95,160340.25,169322.5,179074,194245.35,200217.775
Jigawa,Malam Madori,210825.6837,15389.37857,182514.025,186805,200269.75,210024.5,220583.5,237224,243240.825
Jigawa,Miga,153992.9421,13422.13061,129448.725,133374.7,144619.5,153317,162282.25,177108.85,182142.575
Jigawa,Ringim,310159.1587,24722.03775,264799.5,272211.55,293366.75,308946,325577.5,352589.25,361870.125
Jigawa,Roni,116820.1475,10611.33792,97446.975,100323.95,109543.25,116216.5,123425.25,135108.1,138838.8
Jigawa,Sule Tankarkar,247206.5792,23640.77736,204690.425,211346.75,231017,245581,261967.75,287898.55,297833.525
Jigawa,Taura,176627.3845,16669.17685,146781.775,151153.5,165244.75,175801.5,186709,204893.05,211671.95
Jigawa,Yankwashi,74480.0244,7264.275883,61271.95,63300.9,69447.5,74061,78982.5,87052.4,89906.15
Kaduna,Birnin Gwari,474985.2103,79113.82718,342011.525,359554.9,419565.5,468145,521192.5,616567.25,653385.225
Kaduna,Chikun,1007131.75,108275.2453,810212.4,839470.95,931905.75,1001115,1077049.5,1193342,1239302.175
Kaduna,Giwa,466525.2121,40770.53079,390197.525,403153.75,439134.25,464417,492022.5,536335.5,552754.1
Kaduna,Igabi,1220428.277,139285.7306,967814.15,1006228.1,1124611.75,1212574,1308173,1461726.1,1517629.2
Kaduna,Ikara,404263.6972,58956.50428,303230.575,317193.2,363533,399395,439228.25,508425.4,533448.525
Kaduna,Jaba,116805.019,12520.0243,94408.375,97858.3,108039,116082.5,124631.5,138558.3,143833.775
Kaduna,Jema'A,332830.3676,43507.55967,255071.075,266639.9,302860.25,330786,359602,408173.85,424681.825
Kaduna,Kachia,390823.3026,51837.72004,297489.3,310826.35,354818.25,387865,423281.5,481333.9,502193.9
Kaduna,Kaduna North,458749.9898,63684.19076,346624.525,362091.9,413807.75,453629.5,498428.75,570681.5,595786.275
Kaduna,Kaduna South,458974.3864,75544.86908,333214.55,350777.05,405673,451786.5,503189.25,593442.15,630333.975
Kaduna,Kagarko,406114.1977,60462.34781,302971.475,316378.6,363904.75,400230,442816.25,515275.25,539910.95
Kaduna,Kajuru,224064.4858,23077.89148,182424.875,188598.5,208270.75,222721.5,238682.5,264250.8,272825.6
Kaduna,Kaura,180577.6683,26483.45729,135528.15,141571.75,162164,178383,196150,227703.15,239170.25
Kaduna,Kauru,416851.0703,62705.44736,310282.075,326183.55,373104.75,411359.5,453992.75,528067.35,556956.475
Kaduna,Kubau,646887.8933,85307.98032,495027.5,516231.9,588400.75,642096,700413.75,791852.15,833204.35
Kaduna,Kudan,224391.2703,20629.81639,186610.95,192515.4,209964.5,223391,237678.25,260208.2,267552.775
Kaduna,Lere,651109.1893,75131.2511,515249.95,535545,598845.5,646130,699131,779659.4,810161.65
Kaduna,Makarfi,281645.4344,24014.85997,237508.35,243963.35,265100.5,280353,297087,323087.5,332385.825
Kaduna,Sabon Gari,475666.8109,66617.23921,360364.95,377063,429088.75,470230.5,516087.75,592864.85,622987.525
Kaduna,Sanga,274783.0456,47616.66433,194676.45,205892.8,242393.75,269927.5,302258,359505.3,381703.225
Kaduna,Soba,564983.1022,73824.40788,436823.575,454008.65,514305.5,559499,610176.5,693513.9,723755.975
Kaduna,Zangon Kataf,398222.6804,61984.58368,295587.6,308907.4,354992.5,391579,435272,506527.7,535031.5
Kaduna,Zaria,772390.1543,97104.96965,602307.5,624528.7,704430.25,765253.5,832668.5,942157.75,983129.425
Kano,Ajingi,276932.5058,34713.54015,217819.65,225281.7,252478.25,273848.5,298159.75,338025.1,352419.775
Kano,Albasu,323025.1613,65394.4894,214646.25,228630,277730.75,315851,360741.25,441179.3,469850.375
Kano,Bagwai,359349.0417,77068.12731,234176.725,250291.45,306042.75,351005.5,402689.75,497514.15,537585.575
Kano,Bebeji,360339.0854,54393.11244,263154.775,277118.35,322089,357420,393581.75,453849.55,476950.05
Kano,Bichi,523941.0144,57984.8825,422884.325,436772.7,483575.25,519066.5,559226.75,625110.65,649576.975
Kano,Bunkure,318447.8395,55828.3014,226895.375,239135.15,279203,312403.5,351388.5,418295.5,444394.85
Kano,Dala,462122.1868,67313.50564,347435.325,362976.3,415169.75,455252.5,502420.25,583153.25,613126
Kano,Dambatta,456214.9896,84473.85055,309613,330100.25,397909.75,449367.5,506478,602045.4,642296.975
Kano,Dawakin Kudu,482492.7256,41225.49225,407305.575,417517.95,454068,480061,509552,553255.45,568340.025
Kano,Dawakin Tofa,461797.8838,73408.55289,337464.825,353990,410634.5,454952.5,505357.75,593481,626086.75
Kano,Doguwa,333952.8999,30557.25259,277547.125,285963.45,312882,332730,353492.75,386263.05,397631.275
Kano,Fagge,361747.5107,51130.39215,273831.9,285766.55,325166.25,358250,393098.75,451512.3,472844.25
Kano,Gabasawa,354134.7536,66756.32493,237786,254920.85,307549.25,349174,394643,469541.6,502950.175
Kano,Garko,222852.5972,38424.6021,156493.225,165358.9,195834.5,219581,245841.75,290620.3,307126.35
Kano,Garun Malam,179011.7635,16194.99815,149595.35,153755.35,167701.5,178157,189499.25,206712.75,212663.9
Kano,Gaya,371564.2287,68671.96056,253915,270094.6,323773.25,364925.5,413094.25,493062.7,523079.775
Kano,Gezawa,417867.674,60560.04295,310387.6,325172.65,375755,413515.5,456647.75,522132.5,545493.9
Kano,Gwale,721147.4592,110859.8505,529225.275,555700.25,644371,711542.5,787087.75,916793.05,960257.25
Kano,Gwarzo,424081.5392,70088.1971,305155.975,320947.95,375371.75,417526,465375.75,549580.35,578754.025
Kano,Kabo,241586.4262,22731.84639,199884.3,205945.4,225800,240392.5,256368,281127.6,288459.15
Kano,Kano Municipal,376315.5439,56692.6337,275577.475,290572,337651,372118,410239,475831.05,503839.075
Kano,Karaye,286990.8838,51034.26201,201788.325,213370.9,251408.5,281694.5,316708.75,376897.4,402269.325
Kano,Kibiya,262361.1283,28623.35706,211842.775,218814.85,242449,260206.5,280338.75,312316.65,324111.175
Kano,Kiru,464792.7796,71953.13561,344651.5,360240.65,414908.75,457650,505490.5,597189.25,629459.25
Kano,Kumbotso,1149198.838,163555.2143,856311.675,899411.9,1035717.5,1139371,1250922.75,1435006.4,1496749.525
Kano,Kunchi,220283.8613,47564.20775,143777.075,153276.95,186830.5,214947,246716,305851.8,330239.675
Kano,Kura,247845.6722,23601.89963,205685.7,211486.15,231410.75,246513,263063,289012.3,297552.425
Kano,Madobi,259152.6724,44143.85663,184140.7,194878.7,228643,254890,285299.5,336205.2,357190.175
Kano,Makoda,188880.2074,35279.68519,128156.225,136418.95,164358.5,185733.5,210530,250545.55,266899.425
Kano,Minjibir,380687.9762,70315.98993,260354.225,277583.1,331645.75,374201,422607.75,506880.85,537772.525
Kano,Nassarawa,945920.9219,162101.209,677170.375,710415.1,831331,929899.5,1039712.5,1245277.7,1306138.125
Kano,Rano,283340.6725,24312.21304,238984.725,245298.15,266471.5,281898.5,298751.75,325579.05,334568.5
Kano,Rimin Gado,185071.1529,18700.40131,151623.9,156255.95,172213.75,183905.5,196880.5,217627.3,224732.125
Kano,Rogo,507938.4711,86312.2763,359618.925,378148.4,447562.75,501094.5,561204,661028.3,694419.825
Kano,Shanono,284920.9065,54732.83645,195127.725,206895.85,246668.75,279025,316223.25,384143.65,410129.4
Kano,Sumaila,607179.0065,64020.72627,493667.05,509114.35,562762.25,602428,647705.25,718756.35,743074.05
Kano,Takai,491379.6954,53790.20981,396508.15,409472.4,454480,487195.5,524984.75,584677.25,606711.4
Kano,Tarauni,338955.432,52546.20587,249142.925,260962.55,300883.25,334909,372123,431620.2,453003.45
Kano,Tofa,195611.8188,33468.1742,136711.75,144955.3,172345,193317.5,216220.5,253870.7,268654.05
Kano,Tsanyawa,267923.7945,38102.62193,204738.1,212726.55,240989,264395.5,290324,335830.4,352921.975
Kano,Tudun Wada,525175.1699,46532.25591,440483.3,451859.05,492667.75,522645.5,554952,605981.85,623095.525
Kano,Ungogo,1066936.835,136400.7169,822087.025,855726.35,975333.5,1059767,1150444,1300673.5,1358233.05
Kano,Warawa,151588.1189,15539.47572,123806.2,127827.8,140778,150520.5,161299.5,178692.2,184667.1
Kano,Wudil,278914.1272,41122.65472,206710.625,217161.55,250463,276474.5,304454.25,350628,367704.05
Katsina,Bakori,352934.6742,32645.86619,292917.675,302246.7,330658.5,351414,373345.75,409520.15,421606.5
Katsina,Batagarawa,314631.0032,25094.61095,268370.35,275761.85,297762.5,313432,330606,357497.05,367572.675
Katsina,Batsari,282106.9755,23446.31118,239408.75,246037.05,266189.5,280956.5,296682.5,322084.5,331568.15
Katsina,Baure,268778.3606,25139.421,222502.4,229894.9,251694,267217,284701.5,312257.7,321613.575
Katsina,Bindawa,237787.5163,20101.89958,201102,206704.75,224133.25,236631,250573.25,271920.5,280271.175
Katsina,Charanchi,229896.8395,18819.36392,195506.625,200897.75,217173.75,228964,241772.25,262126.35,269405.575
Katsina,Dan Musa,200305.6004,16877.42878,169529.65,174089.35,188762,199507.5,210905.25,229047.8,235494.7
Katsina,Dandume,261563.7162,21234.60098,222644.125,228603.05,247019.75,260485.5,274787.5,297716.4,306571.125
Katsina,Danja,277988.6887,21946.4733,237684.725,243888.7,262947.75,277028.5,291822,315528.85,323641.825
Katsina,Daura,205863.8089,21739.39824,166730.3,172083,190604.25,204610,219713.75,243260.35,251922.725
Katsina,Dutsi,134070.026,13155.67275,110548.7,113979.7,125103.75,133173,142214.5,156364.55,162238.75
Katsina,Dutsin Ma,279583.1134,21421.59813,240038.675,246310.7,264858.75,278618.5,293197.5,316236.45,323716.125
Katsina,Faskari,328460.0918,29440.2494,275054.4,283130.55,308474,326767,346877.5,378748.2,390710.15
Katsina,Funtua,426088.2526,40485.70065,353566.375,363119.3,397847,423970.5,452054,494986.3,512077.825
Katsina,Ingawa,229353.266,20628.69682,191959.45,197555.95,215269.5,228162.5,242347.25,264633,272102.5
Katsina,Jibia,346783.3316,27393.13426,296699.425,304355.55,328094.5,345540.5,363850.25,394033.5,403671.025
Katsina,Kafur,412990.0259,38196.97616,343727.55,354221.7,386970.75,410890,436605.25,479014.85,495256.95
Katsina,Kaita,260208.5419,23229.42596,218013.475,224491.4,244549.25,258808.5,274798.25,299875.75,309553.325
Katsina,Kankara,378098.1806,34978.909,314112.55,323895.3,354461.5,376201,399981,438051.45,452694.55
Katsina,Kankia,242874.8228,20257.57757,205822.625,211273.4,228999.75,241827,255649.75,277191.95,285477.7
Katsina,Katsina,726342.7523,75067.43911,590144.425,611256.45,673617,722533.5,773269.25,856972.4,886006.55
Katsina,Kurfi,207501.6711,18038.60423,174790.625,179755.4,195109.5,206565.5,218926,238266.45,245785.6
Katsina,Kusada,136305.3027,12353.73598,113870.85,117233.95,127916.75,135608.5,144130,157109.9,162581.775
Katsina,Mai'Adua,215562.9147,21378.8448,176740.625,182682.85,201033,214302,228862.75,252346.2,261633.1
Katsina,Malumfashi,469105.7242,43834.80001,389083.55,401026.85,439098.25,466926.5,496840.5,544661.6,561054.5
Katsina,Mani,305630.4779,26043.42692,258067.8,265620.2,287783.25,304337,321941.75,350439.55,360086.25
Katsina,Mashi,323552.0104,30792.57979,267827.625,276628.4,302848.75,321398,342736.25,376572.35,389032.2
Katsina,Matazu,167934.1825,14231.85183,142165.2,145980.9,158205,167169,176961.25,192301.2,197853.675
Katsina,Musawa,240145.1741,20407.51107,202427.7,208461.95,226212.75,239254,252991.75,275066.6,282810.225
Katsina,Rimi,275675.1149,24625.76238,231540.8,238116.95,258769.25,274337,290656.5,317761.95,328863.175
Katsina,Sabuwa,171676.7725,15142.91382,144220.6,148399.85,161181.25,171000,181049.5,197672.35,203740.325
Katsina,Safana,251900.0684,20797.62598,214321.6,219746.7,237785.75,250871,264828.5,287274.85,295176.775
Katsina,Sandamu,113231.305,10485.63806,94181.725,97021.8,106144.25,112644,119787.75,131382.1,135251.125
Katsina,Zango,138426.5474,12088.03425,116577.525,119781,130246,137691.5,146236.75,159155.7,163899.05
Kebbi,Aleiro,84391.9586,8739.214131,68756.975,70892.75,78312.75,83940,89897.25,99543.4,103203.05
Kebbi,Arewa Dandi,273463.9082,29131.01769,220870.375,228074.4,252981.25,272024,292312.5,323495.1,333999.025
Kebbi,Argungu,283520.4231,43380.28166,209522.625,218663.35,253151.5,280074,309731.5,360425.65,381102.3
Kebbi,Augie,141947.1189,26525.89915,96805.6,103143.85,123589,139400,157560.5,189170.05,200743.65
Kebbi,Bagudu,452718.7645,67952.06234,332592.9,349749.75,405303.25,448272,495064.5,570268.05,597333.525
Kebbi,Birnin Kebbi,505030.5942,81493.45176,365337.475,384421.7,447955.75,497949,553611.75,650180.5,685277.875
Kebbi,Bunza,186217.7113,17858.83975,153605.9,158239.9,173760.75,185474,197572.75,216674.95,223740.8
Kebbi,Dandi,246106.2091,23683.01303,203034.95,208988.55,229426.25,245100.5,261508,286480.45,295390.825
Kebbi,Fakai,195033.1152,22330.08994,154999.9,160664.8,179324.75,193764.5,208814,233758.75,242294.325
Kebbi,Gwandu,246586.1358,25416.82643,200787.15,207101.85,228845,245457,262774.25,290449.25,300841.275
Kebbi,Jega,294483.5387,54574.32289,204896.15,216472.15,256737.75,288455.5,325951.5,393681.35,417559.875
Kebbi,Kalgo,125684.3763,12161.07025,103438.95,106766.1,117151,125292.5,133539.25,146481.7,151277.65
Kebbi,Koko-Besse,254121.3894,37815.19367,188955.65,197732.15,227564.5,251335.5,277275,321633.4,336325
Kebbi,Maiyama,212581.2926,43179.1178,138955.9,148965.85,181835.25,209137.5,239089.5,287992.15,307699.825
Kebbi,Ngaski,262505.6409,29384.39134,209635.3,216914,242049.75,260660,281002.5,313305.5,324302.6
Kebbi,Sakaba,169607.1668,33157.28389,116223.25,122704,146550.75,165721.5,188226,228768.2,245443.5
Kebbi,Shanga,291719.6285,52158.09839,206215.1,217247.05,255970.25,286609.5,321194.75,384566.25,409763.3
Kebbi,Suru,252223.4522,42056.81764,181334.625,190673.85,222869.75,248310.5,276669.75,327438.9,345930.225
Kebbi,Wasagu-Danko,513581.2088,62356.76187,402712.35,419377.8,469239.25,508979.5,554675,620976.25,644507.025
Kebbi,Yauri,175330.3546,20477.30657,138793.8,144007.55,160967.25,174026.5,188433.5,211024.85,218946.35
Kebbi,Zuru,312221.1095,47461.91549,230635.15,241670.3,279141.5,308119.5,340694.75,395942.1,417091.825
Kogi,Adavi,266140.6497,27739.55238,210754.525,221327.9,248928,265916,283701.25,311180.2,322174.95
Kogi,Ajaokuta,112273.3956,9542.078315,93712.675,97493.25,106309.75,111962,117816.75,128100.35,132139.25
Kogi,Ankpa,444378.3995,44659.98935,357166.85,372232,414527.75,444505.5,472872.75,518453.15,534894.425
Kogi,Bassa,117191.9569,10259.98398,97335.5,101041.9,110814.5,116965.5,123485.5,133905.1,138012.35
Kogi,Dekina,587329.1952,55704.41799,479570.6,498619.9,550976,586511,622932.5,679185.1,701935.975
Kogi,Ibaji,83586.5478,7109.566435,70393.075,72746.45,79202.25,83248,87741.25,95508.75,98554.125
Kogi,Idah,50812.9903,6411.882558,38320.725,40404.2,46631.25,50747,54870,61421.1,63905.1
Kogi,Igalamela-Odolu,234096.3362,21771.76448,191672.725,199073.35,220441.5,233948,247801.25,269756.5,278059.8
Kogi,Ijumu,114782.6208,10685.53294,93804.825,97468.6,107993.25,114570,121455.25,132572.9,136385.7
Kogi,Kabba/Bunu,158558.4488,15086.36074,129553.8,134317.8,149011,158309,167792.5,183786.9,189389.1
Kogi,Kogi,124897.3533,9830.478385,106083.75,109705.6,118940.75,124662,130549.25,140809.25,145316.975
Kogi,Lokoja,381279.6943,35680.72617,310435.375,323592.25,358943,381049,403343.75,440603.2,452701.075
Kogi,Mopa-Muro,57685.4574,5453.612643,47284.9,48947.95,54102,57538.5,61152.25,66775.25,68778.45
Kogi,Ofu,260568.5831,25479.84227,211018.475,220297.95,244078.5,260217.5,276914.25,302175.5,312012.125
Kogi,Ogori/Magongo,13419.8805,1501.110686,10604,11080.95,12442,13373,14341.5,15976.05,16561.175
Kogi,Okehi,49621.5058,4897.740481,40238.3,41962.85,46428,49487,52568.25,57928,59822.075
Kogi,Okene,154197.3567,16471.24789,121339.025,127398.95,143854,154123.5,164295,181150.1,187834.525
Kogi,Olamaboro,322887.0024,31005.89506,262098.3,273830.6,303410,322559.5,342019.5,373838,385422.375
Kogi,Omala,132182.5699,12314.65036,108104.425,112368.75,124122,132050.5,139968.75,152592.6,157143.225
Kogi,Yagba East,87928.9676,8086.97084,71864.925,75105.6,82735,87836.5,92955.5,101368.15,104278.15
Kogi,Yagba West,48021.7746,4415.761039,39313.85,40896.75,45194,47948.5,50759.25,55309.05,56999.025
Kwara,Asa,353225.6423,34992.25416,287151.475,298557.45,330875.25,352088,374480.25,411993.8,425390.95
Kwara,Baruten,556680.119,64789.91483,440466.175,465076.8,519567,551957,589300.5,662685.55,695401.35
Kwara,Edu,256902.1655,21697.46845,213892.35,221969.4,243542.75,256675.5,270031.5,292494.7,301126.825
Kwara,Ekiti,52181.681,5371.347189,41987,43585.95,48740,52036.5,55472,61171.2,63240.15
Kwara,Ifelodun,227430.462,20848.3725,189030.35,196430.4,214809.5,226346,238899,261447.75,270708.625
Kwara,Ilorin East,944763.6265,107679.5771,730941.05,767863.95,876333.75,945040.5,1010135,1121178.55,1165280.25
Kwara,Ilorin South,143269.7996,19466.10119,105691.775,112091.5,130547.75,142853,155225.25,176173.45,184075.475
Kwara,Ilorin West,621470.753,73385.7678,479496.125,503299.4,574967,620814.5,665999.5,743996.1,774232.375
Kwara,Irepodun,185106.8263,17672.47761,151426.4,156783.35,173758.5,184736.5,196048.75,214830.95,221579.2
Kwara,Isin,53881.6324,5215.06293,44071.775,45659.85,50594.75,53706,57055.25,62572.95,64620.075
Kwara,Kaiama,432193.2037,58438.18936,327107.825,351458.25,399230.25,427402.5,459523.25,527854.6,563320.475
Kwara,Moro,297713.9062,27381.29036,247339.85,258415.7,281428,296260,312072.5,342281,355443.525
Kwara,Offa,209696.8957,22224.96303,166617.2,174220.35,195328.25,209360.5,223090.5,246952.45,255677.05
Kwara,Oke Ero,47024.5246,4988.38341,37336.975,39003.95,43851,46905.5,50103,55331.5,57252.1
Kwara,Oyun,165619.1335,16241.61953,134249.975,139848.5,155269.25,165287.5,175289.25,192647.05,199477.2
Kwara,Pategi,141560.2184,11464.98826,119180.65,123592.75,134670.75,141420,148105.75,160396.25,165483.225
Lagos,Agege,208739.1188,24732.20922,166357,172119.65,191341.75,206473,223938.5,252951,263733.35
Lagos,Ajeromi/Ifelodun,190633.7583,34378.26416,135319.5,142583.3,166605.25,186576,210322.25,253176.2,270393.275
Lagos,Alimosho,2107578.551,334798.7301,1555018.575,1631274.4,1874106,2072736.5,2301665.75,2712464.15,2865772.775
Lagos,Amuwo Odofin,495980.6227,69381.54573,373984.875,392302.6,447756.75,489637.5,538688.5,619062.95,647110.075
Lagos,Apapa,230283.1856,44066.12606,157811.325,166557.7,199966,225672.5,254843,309159.65,330456.825
Lagos,Badagry,562247.2531,72039.93074,437527.625,454953.45,511136.5,556410,605282.75,688092.05,719816.575
Lagos,Epe,220872.362,25178.31696,176946.65,183213.7,203026.75,219302,236386,265325.85,274848.525
Lagos,Eti Osa,880719.318,116269.5161,670200.75,700052.25,799633.5,875390.5,955071.75,1080072.6,1122472.6
Lagos,Ibeju Lekki,430368.058,57260.75544,334005.025,345170.2,389311,425849,466107.25,531799.95,555387.125
Lagos,Ifako/Ijaye,238326.1707,38973.83921,172346.45,180578.75,211190.75,234656,261505.25,306291.25,326044.2
Lagos,Ikeja,317785.4574,54527.05619,224068.975,236242.9,279483,313944,350977.25,412545.05,438308.125
Lagos,Ikorodu,1225578.596,154184.003,952158.65,988697.45,1118074.5,1216583,1321989.75,1496943.5,1549140.7
Lagos,Kosofe,496183.8799,81787.0257,356418.325,376645.8,439776.25,488226.5,543770,642605.9,680711.525
Lagos,Lagos Island,69755.1786,9538.393652,53556.95,55747.7,63013,68921,75630.5,86774.5,90594.35
Lagos,Lagos Mainland,319893.2745,61076.20857,221547.525,235489.75,277047.25,312611,354332,429950.3,459931.3
Lagos,Mushin,200924.5764,41267.00138,132520.325,141173.25,172012.5,196572.5,225464.25,275405.75,293286.175
Lagos,Ojo,684611.3101,135805.0033,460966.025,489178.4,590209,670732.5,761167.25,929499.05,995297.15
Lagos,Oshodi/Isolo,492593.6228,85967.65374,355075.025,371128.65,431521.25,482808,543037.75,646068.85,686861.4
Lagos,Shomolu,124221.5922,15152.97206,98110.725,101585.45,113500.5,123054,133429.5,151303.6,157319.025
Lagos,Surulere,68446.6751,9590.367673,52173.875,54315.85,61608,67630,74251,85758.05,89929.725
Nasarawa,Akwanga,149923.2432,12453.83726,125833.475,130310,142154.75,149643,157450.5,170599.15,175314.175
Nasarawa,Awe,279130.6052,34534.04866,217576.725,232253.3,259642,276643.5,295348.25,336376.05,356669.85
Nasarawa,Doma,1000272.511,82795.53624,841213.125,871699.1,946916,997886.5,1050513.5,1139281.9,1176036.45
Nasarawa,Karu,1239649.872,118233.79,1002696.3,1047246.75,1165665.5,1239611,1313612.25,1432964.45,1477871.625
Nasarawa,Keana,112202.656,12516.79872,88823.95,94538.9,104995.75,111390,118502.25,132295.95,139354.325
Nasarawa,Keffi,232922.7119,23041.17368,187258.25,195743.5,218466,232854.5,246733.25,271553.95,280345.125
Nasarawa,Kokona,311939.8602,23939.12149,265678.925,275028.9,297796,311241,325608.25,350989.25,361177.8
Nasarawa,Lafia,252544.7407,24436.41971,205676.375,215973.5,238084.75,251898.5,265935.25,293147.7,304414.1
Nasarawa,Nasarawa,416280.6875,32950.29268,351004.675,364593.35,396455.75,415700.5,435322,470978.55,484660.775
Nasarawa,Nasarawa Egon,57364.7866,5178.179779,48175.525,49851.6,54132.25,56993,60238,65909.35,68404.475
Nasarawa,Obi,212222.8582,16915.11815,179560.45,185904.15,201933,211846,222202.25,240233.15,247842.1
Nasarawa,Toto,178385.6281,15327.08712,148962.725,154792.7,169231.75,177962.5,187222.25,203238.3,210572.075
Nasarawa,Wamba,288564.6014,22719.56247,243245.125,252031.95,274708,288340.5,302365.25,325876.4,334846.55
Niger,Agaie,205955.7674,17351.34326,173042.85,179029.95,195073,205516,216207.25,235149.5,242733.85
Niger,Agwara,147415.4729,20157.18146,112317.95,120435.9,135488,145586,157139.25,181217.45,192905.3
Niger,Bida,228618.4,27633.25757,176789.3,185803.95,210841,227392,244984.5,275706.2,288218.95
Niger,Borgu,651447.5189,85591.33644,500201.85,537678.3,601409.25,643886,692289.5,793909.95,845061.25
Niger,Bosso,440042.7678,37234.31235,370334.4,384705.6,418289.25,438134,460570,501173.2,520216.675
Niger,Chanchaga,525190.7913,59925.57797,410095.425,430683.2,486864.5,523633.5,560649.5,624487.15,652377.925
Niger,Edati,108404.3555,9617.780834,90195.825,93425.6,102233.25,108007.5,114120.75,124720.3,128439.675
Niger,Gbako,400976.1941,41103.99662,324100.925,337856.3,374925,398833.5,425357,470784.6,488423.75
Niger,Gurara,202682.0924,15873.24831,171611.875,177599.6,192872,202552.5,212141.25,229092.7,235639.95
Niger,Katcha,375148.9935,36560.98298,305191.15,318471.4,351997.25,373756.5,397182.25,436381.1,453577.7
Niger,Kontagora,416297.787,35288.80835,347974.975,362426.75,395076.75,414904,436610.25,474927.45,491741.35
Niger,Lapai,384469.9689,32813.64193,323537.075,335610,364756.25,382988.5,402409,438731.45,454685.1
Niger,Lavun,243083.2094,21320.3475,202536.8,210040,230103.75,242366.5,255179,279340.1,288190.45
Niger,Magama,507990.6353,58351.48513,402614.7,424965.6,473765.25,504352.5,537885,605518.2,636231.1
Niger,Mariga,783301.3087,98333.5314,607370.8,648498.35,727723.5,775666,829339.25,947237.6,1004558.325
Niger,Mashegu,873610.0268,92377.83788,700158.975,737188.6,820035,869036,921906,1027604.4,1073507.2
Niger,Mokwa,443312.0693,35090.3698,375848,389425.35,422478.75,442456.5,463303.5,501393.85,518502.15
Niger,Munya,315364.2066,37181.43304,247617.175,262604.8,294324.5,312779.5,333516.25,376268.65,397660.15
Niger,Paikoro,422617.3421,37700.94963,350986.025,365363.3,400265,421829,443496.5,484334.5,502113.1
Niger,Rafi,597252.9713,67871.98683,473531.075,501919.6,559109.75,593438.5,630418.75,706168.2,747221.2
Niger,Rijau,453084.4853,62569.69688,344443.425,369505.05,415955.75,447320.5,482800.25,558952.85,594967.825
Niger,Shiroro,619281.096,69144.88732,492903.35,521875.3,580228.75,615306,652697.25,732098.3,770168.65
Niger,Suleja,497260.084,53927.04048,391656.075,411041.4,463239.75,496482.5,529778.5,586142.5,608835.55
Niger,Tafa,138438.7252,11921.88671,114854.9,119485.1,130844.75,138215,145678.25,158137.75,162894.025
Niger,Wushishi,241926.469,25045.3817,196341.2,206434.8,227219.5,240340,255213.75,283177.2,296665
Ogun,Abeokuta North,387169.0622,37714.96742,318951.625,330033.75,362038.25,384802,409084.25,452883.1,468908.9
Ogun,Abeokuta South,303574.053,33827.21349,241809.375,251914.4,280943.25,301379,323665.75,362241.15,377064.525
Ogun,Ado Odo/Ota,1870940.304,173445.3308,1559083.975,1610141.15,1753961.75,1859279,1971768,2177263.95,2252397.025
Ogun,Ewekoro,155564.2583,12209.64076,133621.475,136828.4,147183,154803.5,163171.25,176496.1,181538.325
Ogun,Ifo,1386800.211,136604.5366,1140638.7,1179608.3,1294157,1376944,1465503.25,1630217.65,1683485.3
Ogun,Ijebu East,195204.0862,17907.39389,162118.75,167284.8,182891.75,194525.5,206608.75,225609.55,232663.225
Ogun,Ijebu North,182301.1072,18987.40765,148345.2,153585.95,169149,181257.5,193908.25,215184.3,222523.625
Ogun,Ijebu North East,47061.6972,5034.552107,38051.975,39334.7,43573.75,46731,50189,55668,57783.05
Ogun,Ijebu Ode,201668.7844,21800.90306,162726.9,168494.95,186649.5,200338.5,214773.75,239572.7,249048.575
Ogun,Ikenne,132946.2362,14275.76578,107323.575,111348.85,123148.5,132026.5,141534.25,157661.2,164018.625
Ogun,Imeko Afon,121738.8505,10174.289,103161.65,105785.9,114963.5,121336,128044,139265.55,143191.175
Ogun,Ipokia,280450.4684,24986.76745,236247.925,242862.85,263467.75,278813.5,295490.25,324035.7,333808.95
Ogun,Obafemi Owode,937418.2253,82276.4196,788877.75,813164.6,882064.75,932069,986804.75,1082446.45,1116638.375
Ogun,Odeda,282696.6238,23750.90889,239399.125,246439.75,266414,281605,297161.5,323701.05,333915.55
Ogun,Odogbolu,186064.6419,18937.09518,151915.875,157045.85,173104.25,184884,197539.75,218842.9,227188.175
Ogun,Ogun Waterside,61096.0206,5250.221481,51662.95,53065.7,57516.75,60814.5,64360.5,70044.3,72061.6
Ogun,Remo North,70787.0081,6834.225374,58635.525,60420,66056.75,70439,74961.25,82607,85118.225
Ogun,Shagamu,765428.8157,70490.18379,638577.05,658867.65,717841.75,760893.5,806720,889956.75,918670.8
Ogun,Yewa North,315939.0632,23825.38833,272767.525,278540.95,299815,314843.5,330671,356521.1,365704
Ogun,Yewa South,248523.8162,22671.12386,207830,213639.3,233604.25,247009,261799.25,288344.95,298982.3
Ondo,Akoko North East,124174.6218,12094.73002,102349.85,105687.1,116070,123300,131237.25,145383.8,150422.525
Ondo,Akoko North West,106973.787,9531.625496,89763.925,92559.95,100689.5,106319.5,112484.5,123797.35,127774.05
Ondo,Akoko South East,45223.8261,3949.873007,38236.975,39305,42504,44927.5,47559.5,52189.3,53745.175
Ondo,Akoko South West,147206.6717,13510.85696,122578.625,126702.45,138288,146404,154932.25,170845.5,177047.4
Ondo,Akure North,236236.9557,21200.92773,197663.725,204178.55,222122,234813,248753.25,273622.8,282616.575
Ondo,Akure South,391611.7436,37854.43774,323635.15,334225.75,366496.5,388862,413919,457504.4,475104.2
Ondo,Ese Odo,40034.886,3286.02714,34127,35012.75,37805.75,39832,42027.5,45680.15,47197.125
Ondo,Idanre,201505.9522,16115.39401,172131.3,176450.3,190644.75,200762.5,211413,229082.1,235797.25
Ondo,Ifedore,331342.6049,32303.50188,272975.7,282218.05,309955.5,329197,350389,387231.35,402927.025
Ondo,Ilaje,172591.5117,14121.64291,146555.275,150714.4,163005.5,171869.5,181330.5,196987.05,202620.275
Ondo,Ile Oluji/Okeigbo,317197.6893,27746.61684,266753.475,274856.5,298520,315570.5,333608.5,364960.6,377160.2
Ondo,Irele,100811.0301,8269.619923,85508.45,87829.85,95364.5,100458,105966.25,114783.9,118523.025
Ondo,Odigbo,287956.4708,25377.9368,241288.15,249283.1,270603,286539.5,303904.25,331565.1,341740.725
Ondo,Okitipupa,182483.3102,16603.23457,152572.225,157613.5,171396.75,181302.5,192292,211503.3,219115.975
Ondo,Ondo East,38632.4143,3329.102725,32730.825,33627,36307,38441.5,40714.5,44327.05,45675.1
Ondo,Ondo West,278425.2551,26489.68143,230706.875,238075.6,260429.75,276902.5,294483.25,324281.4,335045.3
Ondo,Ose,119904.4691,8808.359195,103467.325,106092.95,113999.75,119581,125347,134944.4,138570
Ondo,Owo,234766.5968,19209.14885,200004.5,205790.8,222007,233368.5,245989.75,268264.3,277537.675
Osun,Atakunmosa East,61148.7246,5257.624999,51410.975,52833,57599,60939,64423.25,70204.05,72374.15
Osun,Atakunmosa West,75305.5689,6667.261325,63250.825,65004.85,70777.75,75011.5,79383.75,86864.35,89585.15
Osun,Ayedade,177847.6915,16746.9033,147290.825,151891.6,166591.25,176991.5,188204.25,206746.45,213889.6
Osun,Ayedire,69692.5489,6566.326058,57924.9,59898.55,65214.75,69224.5,73663.75,81101.7,83880.025
Osun,Boluwaduro,47659.066,4632.497482,39345.65,40657.6,44509.5,47379.5,50494.75,55719.2,57638.075
Osun,Boripe,190706.6775,20336.54766,153923.775,159669.7,177234.5,189423.5,202752.25,225819.7,234427.025
Osun,Ede North,180244.5353,18778.83671,146842.65,151261.75,167625.75,178616.5,191633.75,212854.95,221936.4
Osun,Ede South,159607.3954,15629.60466,131311.375,135867,149321,158636.5,168962.5,186432.55,193680.225
Osun,Egbedore,302498.8417,30637.70383,246960.825,256289.35,282248.75,300325.5,320175.25,355962.75,370272.25
Osun,Ejigbo,151504.367,14210.27945,125788.975,129748.95,141961.75,150621,160093.5,176162.05,182990.875
Osun,Ife Central,175186.1007,19648.61887,139826.4,145417.9,161745,174088,187428.75,209166.1,217307.975
Osun,Ife East,389184.2906,44456.20044,309489,321921,359107,386535.5,416083.25,466659.5,484683.425
Osun,Ife North,135420.4287,13387.99897,111078.975,114770.15,126285.75,134795,143771.25,158375.15,163913.225
Osun,Ife South,153911.0595,14494.98526,126622.95,130942.9,144273.75,153388,163186.5,178616.5,184226.45
Osun,Ifedayo,20269.4895,1864.451292,16848.875,17375.95,18971,20160.5,21456,23476,24133.05
Osun,Ifelodun,119176.8444,13132.73968,95256.125,99293.85,110298.25,118488,127216.5,141951.15,147970.525
Osun,Ila,88423.6361,8075.743768,73743.875,75936.55,83005.75,87872,93293.25,102403,106096.325
Osun,Ilesha East,162349.8395,15826.84424,133886.5,138209.85,151881.5,161161,171660.75,189865.4,197191.125
Osun,Ilesha West,239032.2898,25392.99842,193269.925,200476.05,222186.5,237355,253720.75,282608.65,294571.175
Osun,Irepodun,1093.0178,172.4359026,810,844,971,1076,1194,1402.05,1481.025
Osun,Irewole,132062.9431,13762.06248,107278.975,111103.85,122818.25,131111,140243.25,156042.7,161608.25
Osun,Isokan,97358.3667,9862.413083,79581.95,82329.85,90764.75,96761,103213,114380.1,118595.35
Osun,Iwo,302213.9998,27660.02626,252782.4,260265.6,283901.5,300102,318307.25,350332.9,363424.3
Osun,Obokun,115159.0373,10536.04605,96097.95,99137.9,108041,114517,121477.75,133174.35,138134.175
Osun,Odo Otin,131999.9194,12271.64311,109908.975,113298.9,123910.75,131130,139245,153355.1,159396.05
Osun,Ola Oluwa,55598.3495,4683.149609,47213.825,48416.95,52401.75,55310,58442.75,63717,65574.25
Osun,Olorunda,304242.9867,29443.44005,251217.7,259179.45,284457.25,302209,322177.5,355509.1,368638.35
Osun,Oriade,150721.7971,13561.16321,126153.625,130292.5,141550.5,149788.5,158861.5,174569.5,180832.725
Osun,Orolu,140250.8293,15254.31109,112466.975,116954.7,130155,139180.5,149394.75,166731.2,173664.025
Osun,Osogbo,287558.9998,30731.48575,232445.7,240520.8,267401.75,285272.5,305829.25,340277.2,355056.15
Oyo,Afijio,118043.3295,16062.13662,90359.8,94231.15,106833.75,116664.5,127696.25,146776.5,153271.575
Oyo,Akinyele,484751.1653,82992.72093,348592.625,365621.95,426770,475603,532314.75,634197.85,675490.85
Oyo,Atiba,124365.5638,21434.86925,89284.725,93821.9,109600.5,122045.5,136059,163431.1,173771.55
Oyo,Atisbo,149942.2693,27439.15809,105776.425,111285.8,130900.5,146648,164876.5,199785.6,213477.025
Oyo,Egbeda,478756.8987,74496.83987,350663.825,369567.65,426706,471293.5,522832.5,612343.55,645825.5
Oyo,Ibadan North,103274.4646,16248.28762,74383.65,77938.7,91680.5,102301,113716.25,131246,137058.975
Oyo,Ibadan North East,255650.429,44350.8961,183019.375,192024.05,224610,250661,281834.25,334778.05,355232.575
Oyo,Ibadan North West,104358.603,17233.38852,74898.55,79067.45,92366.25,102800,114604.75,135279.65,143464.325
Oyo,Ibadan South East,168078.3037,31905.38112,114790.85,122453.3,146260.75,164579.5,186074.25,224976,241932.125
Oyo,Ibadan South West,137648.8812,21582.10857,100688.125,105556.5,122083.75,136002.5,151454.25,175867.4,184470.4
Oyo,Ibarapa Central,72448.795,11877.4145,52445.85,55046.9,64309,71186,79328.75,93826.3,99481.025
Oyo,Ibarapa East,103583.9625,14214.249,79023.325,82789.65,93821.5,102183,111942.5,128374.5,134535.225
Oyo,Ibarapa North,92398.9968,14226.58712,68582.35,71901.95,82609.75,90908.5,100659.75,117827.45,125507.45
Oyo,Ido,591771.3334,86563.80181,437278.05,458192.15,531093,586139,646966.5,741333.75,776178.275
Oyo,Irepo,120094.7286,18531.46976,89470.725,93495.25,106988.5,118178,130687.5,153272.65,162182.975
Oyo,Iseyin,294666.651,37710.13414,229295.875,239047.25,267961.5,291461,317877.5,361387.6,376871.125
Oyo,Itesiwaju,78359.9114,13478.72687,55961.275,59012.55,68948.5,76987.5,85975.5,102291.85,109122.25
Oyo,Iwajowa,114514.6818,17842.25644,84629.6,88680.55,101926,112896.5,125023.75,146391.45,155479.6
Oyo,Kajola,122332.5418,17122.67708,92700.75,96897.95,110574.5,120889,132507.75,153031.1,159657.875
Oyo,Lagelu,511750.026,75034.59415,382802.725,400402.65,459446.75,505693.5,556010.5,644698.8,678278.05
Oyo,Ogbomosho North,378131.9999,68068.81942,261313.4,276541.5,330417,373620,419622,496317.7,522620.55
Oyo,Ogbomosho South,210173.1823,23870.29053,168814.575,174149.9,193494,208281.5,225064.75,252138.75,261769.375
Oyo,Ogo Oluwa,85309.9185,14499.65441,61312.075,64465.7,75204,83711.5,93649.5,111804.65,117813.325
Oyo,Olorunsogo,95218.3802,14465.04855,70505.85,73980.9,85265.5,93888,103728.25,120830.35,127296.575
Oyo,Oluyole,500265.6637,78328.32962,367172.35,386211,445631,492890.5,546482,639463.2,675341.175
Oyo,Ona ara,271654.9248,50573.43745,186497.05,197582,237098,267419,300410.25,362462.55,386274
Oyo,Orelope,78011.4651,6913.559135,65821.95,67458.2,73226.25,77632,82283.25,90166.55,92771.275
Oyo,Ori Ire,173456.317,24855.2946,131639.25,137680,156068.75,170919.5,188214,218117.45,229228.45
Oyo,Oyo East,51913.9582,3795.534386,44908.95,45906.6,49267,51790,54376,58408.45,59709.025
Oyo,Oyo West,357438.5408,48490.24348,271778.2,285387.15,323433.75,353259.5,387070.25,443714.5,463386.375
Oyo,Saki East,84334.6182,15709.71255,59311.075,62501.8,73417.75,82305,93010,112430.3,120808.5
Oyo,Saki West,339872.7745,45204.53975,261856.35,272427.55,308164.5,336166,366821.75,420562.25,437805.7
Oyo,Surulere,127704.7478,18747.44071,96323.025,100669.6,114486.5,125914.5,138692,161358.1,169328.05
Plateau,Barkin Ladi,306416.3255,49027.91236,222285.55,233807.65,273638,301982,334471.5,394680.75,415720.825
Plateau,Bassa,319964.1253,51345.85932,232344.525,244925.05,285951,314945.5,348806.75,411235.65,434210.825
Plateau,Bokkos,399294.7934,64273.23376,289420.85,305007.7,356576.5,392786,436258,514895.8,541983.125
Plateau,Jos East,88662.0745,18851.89226,58176.975,62267.9,75929,86367,99096,122338.35,132669.675
Plateau,Jos North,850290.6319,198810.7028,536787.45,577342.05,714458.75,823420.5,958100.75,1197313,1300919.175
Plateau,Jos South,816144.8852,170601.6802,541612.675,581522.95,700770.25,794198,907780.5,1114631.35,1205148.35
Plateau,Kanam,308226.0362,81449.39008,181804.625,197041.7,251839.5,296727,353715.75,455155.95,496076.8
Plateau,Kanke,187427.2854,37509.77399,123979.475,133460.95,162141.25,183749,208076.25,253969.9,271906.225
Plateau,Langtang North,421244.4328,97145.05398,264506.075,287771.75,355607,409744.5,474025.25,595577.8,647437.775
Plateau,Langtang South,266034.1142,61253.86695,166790.3,180776.75,224221.25,259479.5,299621,374896.1,408022.05
Plateau,Mangu,628740.1608,96437.81504,460507.525,486565.05,564602.5,620325,682800.5,801090.9,845809.675
Plateau,Mikang,178436.3944,45148.15865,107485.225,117438.45,147641.75,172563.5,202680.5,259990.65,285476.85
Plateau,Pankshin,309653.173,54320.39476,219438.575,231518.3,273217.5,303722.5,340064.5,406277.2,436224.025
Plateau,Qua'an Pan,567934.2631,138085.5581,349039.575,379529.7,473661.5,550955.5,643026.5,816102.25,892949.35
Plateau,Riyom,176385.0953,35354.51381,115540.525,124844.35,152542.5,172976.5,196408.75,239700.05,256443.3
Plateau,Shendam,688396.4168,156795.6185,439090.425,470963.2,582802.25,669407,772353,972630.05,1056811.575
Plateau,Wase,466570.2341,115559.7972,283539.15,309411.8,387981.75,452356,528806,674975.35,737348.375
Rivers,Abua/Odual,48948.4838,4090.726897,41558.95,42591.95,46174,48752,51484,55943,57700.45
Rivers,Ahoada East,147553.5546,11283.28067,127135.6,130038.1,139825,146979.5,154517.75,166729.4,171622.575
Rivers,Ahoada West,59023.6879,4569.984172,50704.975,51942.7,55878.75,58776,61904,66861.15,68573.05
Rivers,Akuku Toru,14260.9226,1294.197893,11859.925,12245.95,13405,14203,15053.25,16481.15,16970.175
Rivers,Andoni,59141.2474,4751.602925,50604,51805.9,55897,58911.5,62020.25,67354.8,69465.175
Rivers,Asari-Toru,27435.9051,2648.976797,22670.95,23354.85,25622.75,27291.5,29091.25,32047,32947.775
Rivers,Bonny,94080.9302,8060.626401,79416.925,81533.75,88640,93606,99204.5,107735.25,111280.275
Rivers,Degema,60284.5556,5242.058088,50702.925,52245.9,56720.5,59998.5,63561,69207.55,71573.625
Rivers,Eleme,247844.3662,20692.9725,210180.375,215987.95,233959,246783.5,260291.5,283096.45,292662.525
Rivers,Emuoha,181122.8345,15226.26209,153004.875,157750.85,170947,180243,190358.5,207282.55,214041.375
Rivers,Etche,353509.3168,27700.18599,302918.475,310517.45,334718.5,351907,370106.25,401752.15,413398.525
Rivers,Gokana,89043.6899,7707.736533,75036.7,77177.85,83873.75,88637,93662,102440.6,105834
Rivers,Ikwerre,385964.3755,30576.91336,329545.6,338384.75,365163.5,384495,404821.75,438007.25,450987.4
Rivers,Khana,249318.5729,17376.20569,216505.325,221921.6,237791.5,248713.5,260055.25,278339.05,286113.625
Rivers,Obio/Akpor,1728478.188,161327.1901,1432837.45,1475914.7,1621181.25,1720447.5,1826449.5,2004764.45,2081324.8
Rivers,Ogba/Egbema/Ndoni,286367.9604,23982.43954,243175.65,249920.05,270395.75,284764.5,300504.25,328817.15,339105.85
Rivers,Ogu Bolo,20911.5027,2266.695278,16841.825,17470.95,19320,20770.5,22327,24906.15,25749.075
Rivers,Okrika,111774.8553,8708.965979,95718.65,97966.9,105841.75,111487,117171.5,126655.35,130130.575
Rivers,Omumma,58341.2373,5978.401367,48277.8,49510.95,54116.75,57799.5,61954.5,69105.5,71585.625
Rivers,Opobo/Nkoro,2564.3565,342.927995,1982,2065,2325,2533,2772,3163,3326.025
Rivers,Oyigbo,213863.1837,19734.78716,177841.025,183326.5,200511.5,212791,225784,247146.7,257054.175
Rivers,Port-Harcourt,617897.272,54034.05985,516709.225,531805.15,582094.25,616354.5,651075,710607.7,729613.975
Rivers,Tai,59303.8071,4164.605986,51594.975,52793.9,56534.75,59111,61899.75,66324.2,68182
Sokoto,Binji,122234.1785,9756.243864,104252.975,107030.5,115702,121802.5,128364,138724.55,142702.175
Sokoto,Bodinga,354758.0908,28017.05587,303106.875,311137.85,335998.75,353485,372088.75,402062.35,414121.5
Sokoto,Dange Shuni,484183.9345,35495.7839,418006.25,428342.75,460113,482540,506638.5,544917.1,557470.375
Sokoto,Gada,499405.3215,40314.3946,425544.35,437023.7,472433.75,497348,524634,568025.75,584297.175
Sokoto,Goronyo,287676.5195,23569.76399,244890.55,250917.85,271513.75,286779,302541.25,327695.6,336945.55
Sokoto,Gudu,122942.4802,10628.5934,103411.55,106515.55,115800.75,122308.5,129582.5,141263.7,145444.075
Sokoto,Gwadabawa,422783.2233,34554.60375,359231.875,369402.75,399116.75,421388.5,444336.25,481668.95,494652.125
Sokoto,Illela,420933.4906,35697.09653,355474.05,364613.9,397016,419883.5,443320.25,480887.3,496564.775
Sokoto,Isa,213480.719,17903.0699,181086.8,185929.8,201432.5,212441,224641.25,244586.95,251600
Sokoto,Kebbe,131947.6102,11371.94905,111660.75,114479.85,124244,131270.5,139068,151618.75,155445.5
Sokoto,Kware,390912.2179,29228.60489,336705.8,344751.85,371252.75,389745,408878.75,440380.25,451069.2
Sokoto,Rabah,214849.5858,17979.56756,182380.3,187201.65,202789,213981.5,225709.25,245920,253185.075
Sokoto,Sabon Birni,434685.0272,36667.99783,368164.55,378438.2,409636.5,432419.5,457566.5,497514.2,511797.4
Sokoto,Shagari,270315.762,22378.97206,229678.8,235650.8,255125.5,269168,284329,308663.05,317059.825
Sokoto,Silame,144705.5886,12069.34859,122625.625,125974.9,136446.75,144284.5,152255.75,165345.05,169609.525
Sokoto,Sokoto North,335221.3883,33262.60416,274586.625,283445.85,312558.75,333767.5,356397,392257.6,405101.975
Sokoto,Sokoto South,407998.6994,44071.6462,328199.4,339789.05,377346,405784,436392.75,484493,500865.1
Sokoto,Tambuwal,405957.1378,32027.9452,347475.725,355844.6,384165,404374,425847.75,460621.45,473401.2
Sokoto,Tangaza,254548.8846,20109.9073,217675.05,223144.95,241056,253733.5,267152,288601.95,296674.025
Sokoto,Tureta,127597.5001,12346.01206,105290.725,108482.3,119198,126852,135294.25,148988.15,153695.3
Sokoto,Wamakko,584629.5848,39377.28166,511488.75,522728.65,557826.5,583058.5,610060,652109.2,665665.4
Sokoto,Wurno,298237.073,26287.31452,250084.825,256758.7,280824.5,297296,314679.5,342614.45,352683.25
Sokoto,Yabo,199744.4518,15768.93404,170507.975,175047.95,189122.5,199072.5,209648,226771.15,233104.3
Taraba,Ardo-Kola,318526.4589,28169.84763,263027.2,272618.9,299939.25,318298.5,337007,364505.25,374368.1
Taraba,Bali,616203.0871,55774.21698,506580.675,525511.55,579526.75,615707,652827.75,707260.45,726972.35
Taraba,Donga,357250.6691,31535.3043,293444.725,304643.6,336610.25,358130.5,378206.25,408135.65,418347.25
Taraba,Gashaka,185649.305,15774.83383,154339.9,159536.5,175258.25,185819,196080.25,211644.1,216803.35
Taraba,Gassol,672721.447,56468.49804,562244.8,580008.05,634873.75,672863.5,709473.75,765960.2,785900.275
Taraba,Ibi,203829.4904,17296.73315,169203.975,175199.4,192578.5,204050,215179.5,232011.1,237234.075
Taraba,Jalingo,666342.3217,61339.71371,548193.6,567986.1,625807.5,664302,706461.5,768509.95,789112.05
Taraba,Karim Lamido,432029.6377,39875.6032,354479.925,368645.75,405653,431773,458090,497755.95,511867.35
Taraba,Kurmi,171228.7919,15568.96874,140458.8,145417.75,160829.5,171384.5,181420.75,196886.9,202196.125
Taraba,Lau,171993.8057,15218.26057,141555.875,146953.15,162116.5,172103.5,182212.75,197132.35,201773.375
Taraba,Sardauna,547087.2971,48089.19677,455406.25,469361.95,514662,546240.5,578790.75,627530.35,643510.75
Taraba,Takum,413508.6216,36173.33676,338309.525,352337.85,390212.25,414538.5,437506.5,471385.1,483244.525
Taraba,Ussa,152395.3245,13311.94002,125372.95,129848.95,143832.25,152774,161122,174100.1,178361.025
Taraba,Wukari,733748.7086,62229.81926,606502.325,628343.8,693510.5,735575.5,775043,834101.3,853596.325
Taraba,Yorro,174828.7092,17694.53629,140244.8,145938.25,163336.25,174843.5,186148.75,204134.2,210463.075
Taraba,Zing,234001.5507,22127.69246,189473,197008.8,219671.5,234265,248236.5,270368.6,277857.475
Yobe,Bade,237341.4295,38395.30253,172483.45,181053.45,209801.5,233869,260811.75,305202.5,321922.15
Yobe,Bursari,223590.3466,31841.40809,166657.3,174587.75,201341,221790.5,243903.25,278088.25,290694.125
Yobe,Damaturu,373686.0125,59244.51291,274559.9,287868.8,332208.25,367686.5,408252.25,478032.6,506897.85
Yobe,Fika,326402.9729,53202.72957,233877.525,247248.6,289643.75,322078.5,358595,420228.1,443748.875
Yobe,Fune,521909.854,85256.51814,373438.825,395512.2,463286.5,514425,573500.75,673291.1,711517.025
Yobe,Geidam,321926.8641,32279.20752,263140.875,271288.1,299183,321059.5,342755.25,376775.2,388648.025
Yobe,Gujba,240204.7553,23765.60067,197211.525,203050.3,223747.75,239168.5,255339,281168.05,290396.875
Yobe,Gulani,293226.2689,53854.24375,202608.8,213996.75,255444,288839.5,325120.25,387403.9,414963.425
Yobe,Jakusko,268151.147,44883.40345,191039.85,202234.8,237387,264493.5,294621,348893.55,368993.325
Yobe,Karasuwa,163835.4927,30289.87466,113801.875,120156.55,142616,160923.5,181672.5,217611.05,232438.05
Yobe,Machina,179687.571,33073.46533,125712.95,132382.15,156829.25,176188.5,198150.75,239810.7,257308
Yobe,Nangere,198887.3853,38610.34929,134965.35,143789.4,172338,194717.5,221016,267991.4,284766.8
Yobe,Nguru,231803.2146,38851.54681,169073.9,177455.6,204616.5,226979,253483.75,301248.9,321515.925
Yobe,Potiskum,524193.577,107849.254,348580.625,369713.5,448466.75,511826,586675.75,720781.55,771202.45
Yobe,Tarmuwa,218018.7632,23407.30234,176522.6,181941.4,201813.75,216715,232706.5,259193.25,267809.075
Yobe,Yunusari,302417.9337,52610.7851,214976.95,226128.45,265363.75,296787,333297.25,397328.5,421216.4
Yobe,Yusufari,279917.9536,43562.33226,203619.55,213943.25,249487.75,276805.5,306926.5,357245.15,375662.9
Zamfara,Anka,188572.0974,32053.34971,132234.275,139911.15,166410.25,186092,207722.5,244705.65,258883.775
Zamfara,Bakura,219398.2567,35034.90609,160109.975,167403.65,194692.25,216395.5,240611,281556.35,296286.425
Zamfara,Birnin Magaji-Kiyaw,211004.8468,37397.25823,147765.675,156707.6,184947.75,207229.5,233061,278344.15,293932.65
Zamfara,Bukkuyum,328301.6901,55654.13464,231877.025,244613.85,289101.5,323655,362097.25,426989.05,449399.4
Zamfara,Bungudu,496532.9443,79626.99075,362330,379078,441267.75,488887.5,542900.25,638321.2,677965.075
Zamfara,Gummi,347228.8405,54789.07579,251687.225,263797.7,309468,343459,381339.25,442522.35,466517.625
Zamfara,Gusau,827941.5992,193930.9978,541711.925,573464.85,693712.5,797674.5,925024.5,1180444.55,1276679.8
Zamfara,Kaura Namoda,367752.118,54321.62418,274639.4,287597.75,330455.5,363410.5,400194.5,462271.15,486268.25
Zamfara,Maradun,262849.2665,25844.24194,215889.075,222689,244769,261829,279378.25,306950.6,317437.575
Zamfara,Maru,565196.1876,59231.93111,457378.6,472205.75,524010.5,562793,603711,666950.1,689170.8
Zamfara,Shinkafi,216823.0951,35407.24217,156697.4,165115.75,192469,213326,237468.5,281080.6,295715.425
Zamfara,Talata Mafara,326382.092,53665.88423,232492.575,245062.05,288673.75,323548.5,358725.25,419705.4,441510.375
Zamfara,Tsafe,360681.8339,62942.49015,256355.875,270762.7,315931,354333.5,396559.75,474156.55,502969.5
Zamfara,Zurmi,357931.2714,57877.78317,258181.55,272236.15,317783.5,353057.5,392485,460464.1,486035.125
